event_id,species,class_name,country,country_code,taxon_key,on_taxonomy,on_classifier_label,geofence_allowed,included,reason
WBGBIF2026_E0001,Accipiter nisus,Aves,Belgium,BEL,aves;accipitriformes;accipitridae;accipiter;nisus,true,true,true,true,included_speciesnet_classifier_label_and_country_geofence
WBGBIF2026_E0002,Accipiter nisus,Aves,Luxembourg,LUX,aves;accipitriformes;accipitridae;accipiter;nisus,true,true,true,true,included_speciesnet_classifier_label_and_country_geofence
WBGBIF2026_E0003,Accipiter nisus,Aves,Luxembourg,LUX,aves;accipitriformes;accipitridae;accipiter;nisus,true,true,true,true,included_speciesnet_classifier_label_and_country_geofence
WBGBIF2026_E0007,Alopochen aegyptiaca,Aves,Belgium,BEL,aves;anseriformes;anatidae;alopochen;aegyptiaca,true,true,true,true,included_speciesnet_classifier_label_and_country_geofence
WBGBIF2026_E0008,Alopochen aegyptiaca,Aves,Belgium,BEL,aves;anseriformes;anatidae;alopochen;aegyptiaca,true,true,true,true,included_speciesnet_classifier_label_and_country_geofence
WBGBIF2026_E0009,Alopochen aegyptiaca,Aves,Belgium,BEL,aves;anseriformes;anatidae;alopochen;aegyptiaca,true,true,true,true,included_speciesnet_classifier_label_and_country_geofence
WBGBIF2026_E0010,Anas platyrhynchos,Aves,Belgium,BEL,aves;anseriformes;anatidae;anas;platyrhynchos,true,true,true,true,included_speciesnet_classifier_label_and_country_geofence
WBGBIF2026_E0011,Anas platyrhynchos,Aves,Belgium,BEL,aves;anseriformes;anatidae;anas;platyrhynchos,true,true,true,true,included_speciesnet_classifier_label_and_country_geofence
WBGBIF2026_E0012,Anas platyrhynchos,Aves,Belgium,BEL,aves;anseriformes;anatidae;anas;platyrhynchos,true,true,true,true,included_speciesnet_classifier_label_and_country_geofence
WBGBIF2026_E0013,Apodemus sylvaticus,Mammalia,Belgium,BEL,mammalia;rodentia;muridae;apodemus;sylvaticus,true,true,true,true,included_speciesnet_classifier_label_and_country_geofence
WBGBIF2026_E0014,Apodemus sylvaticus,Mammalia,Belgium,BEL,mammalia;rodentia;muridae;apodemus;sylvaticus,true,true,true,true,included_speciesnet_classifier_label_and_country_geofence
WBGBIF2026_E0015,Apodemus sylvaticus,Mammalia,Belgium,BEL,mammalia;rodentia;muridae;apodemus;sylvaticus,true,true,true,true,included_speciesnet_classifier_label_and_country_geofence
WBGBIF2026_E0016,Ardea cinerea,Aves,Belgium,BEL,aves;pelecaniformes;ardeidae;ardea;cinerea,true,true,true,true,included_speciesnet_classifier_label_and_country_geofence
WBGBIF2026_E0017,Ardea cinerea,Aves,Belgium,BEL,aves;pelecaniformes;ardeidae;ardea;cinerea,true,true,true,true,included_speciesnet_classifier_label_and_country_geofence
WBGBIF2026_E0018,Ardea cinerea,Aves,Belgium,BEL,aves;pelecaniformes;ardeidae;ardea;cinerea,true,true,true,true,included_speciesnet_classifier_label_and_country_geofence
WBGBIF2026_E0019,Atelocynus microtis,Mammalia,Ecuador,ECU,mammalia;carnivora;canidae;atelocynus;microtis,true,true,true,true,included_speciesnet_classifier_label_and_country_geofence
WBGBIF2026_E0020,Atelocynus microtis,Mammalia,Ecuador,ECU,mammalia;carnivora;canidae;atelocynus;microtis,true,true,true,true,included_speciesnet_classifier_label_and_country_geofence
WBGBIF2026_E0021,Atelocynus microtis,Mammalia,Ecuador,ECU,mammalia;carnivora;canidae;atelocynus;microtis,true,true,true,true,included_speciesnet_classifier_label_and_country_geofence
WBGBIF2026_E0022,Bos taurus,Mammalia,Belgium,BEL,mammalia;artiodactyla;bovidae;bos;taurus,true,true,true,true,included_speciesnet_classifier_label_and_country_geofence
WBGBIF2026_E0023,Bos taurus,Mammalia,Ecuador,ECU,mammalia;artiodactyla;bovidae;bos;taurus,true,true,true,true,included_speciesnet_classifier_label_and_country_geofence
WBGBIF2026_E0024,Bos taurus,Mammalia,Ecuador,ECU,mammalia;artiodactyla;bovidae;bos;taurus,true,true,true,true,included_speciesnet_classifier_label_and_country_geofence
WBGBIF2026_E0028,Buteo buteo,Aves,Belgium,BEL,aves;accipitriformes;accipitridae;buteo;buteo,true,true,true,true,included_speciesnet_classifier_label_and_country_geofence
WBGBIF2026_E0029,Buteo buteo,Aves,Luxembourg,LUX,aves;accipitriformes;accipitridae;buteo;buteo,true,true,true,true,included_speciesnet_classifier_label_and_country_geofence
WBGBIF2026_E0030,Buteo buteo,Aves,Belgium,BEL,aves;accipitriformes;accipitridae;buteo;buteo,true,true,true,true,included_speciesnet_classifier_label_and_country_geofence
WBGBIF2026_E0034,Capreolus capreolus,Mammalia,Luxembourg,LUX,mammalia;artiodactyla;cervidae;capreolus;capreolus,true,true,true,true,included_speciesnet_classifier_label_and_country_geofence
WBGBIF2026_E0035,Capreolus capreolus,Mammalia,Luxembourg,LUX,mammalia;artiodactyla;cervidae;capreolus;capreolus,true,true,true,true,included_speciesnet_classifier_label_and_country_geofence
WBGBIF2026_E0036,Capreolus capreolus,Mammalia,Luxembourg,LUX,mammalia;artiodactyla;cervidae;capreolus;capreolus,true,true,true,true,included_speciesnet_classifier_label_and_country_geofence
WBGBIF2026_E0037,Castor fiber,Mammalia,Belgium,BEL,mammalia;rodentia;castoridae;castor;fiber,true,true,true,true,included_speciesnet_classifier_label_and_country_geofence
WBGBIF2026_E0038,Castor fiber,Mammalia,Belgium,BEL,mammalia;rodentia;castoridae;castor;fiber,true,true,true,true,included_speciesnet_classifier_label_and_country_geofence
WBGBIF2026_E0039,Castor fiber,Mammalia,Belgium,BEL,mammalia;rodentia;castoridae;castor;fiber,true,true,true,true,included_speciesnet_classifier_label_and_country_geofence
WBGBIF2026_E0040,Cervus elaphus,Mammalia,Luxembourg,LUX,mammalia;artiodactyla;cervidae;cervus;elaphus,true,true,true,true,included_speciesnet_classifier_label_and_country_geofence
WBGBIF2026_E0041,Cervus elaphus,Mammalia,Luxembourg,LUX,mammalia;artiodactyla;cervidae;cervus;elaphus,true,true,true,true,included_speciesnet_classifier_label_and_country_geofence
WBGBIF2026_E0042,Cervus elaphus,Mammalia,Luxembourg,LUX,mammalia;artiodactyla;cervidae;cervus;elaphus,true,true,true,true,included_speciesnet_classifier_label_and_country_geofence
WBGBIF2026_E0055,Columba palumbus,Aves,Belgium,BEL,aves;columbiformes;columbidae;columba;palumbus,true,true,true,true,included_speciesnet_classifier_label_and_country_geofence
WBGBIF2026_E0056,Columba palumbus,Aves,Belgium,BEL,aves;columbiformes;columbidae;columba;palumbus,true,true,true,true,included_speciesnet_classifier_label_and_country_geofence
WBGBIF2026_E0057,Columba palumbus,Aves,Belgium,BEL,aves;columbiformes;columbidae;columba;palumbus,true,true,true,true,included_speciesnet_classifier_label_and_country_geofence
WBGBIF2026_E0058,Corvus corone,Aves,Belgium,BEL,aves;passeriformes;corvidae;corvus;corone,true,true,true,true,included_speciesnet_classifier_label_and_country_geofence
WBGBIF2026_E0059,Corvus corone,Aves,Luxembourg,LUX,aves;passeriformes;corvidae;corvus;corone,true,true,true,true,included_speciesnet_classifier_label_and_country_geofence
WBGBIF2026_E0060,Corvus corone,Aves,Belgium,BEL,aves;passeriformes;corvidae;corvus;corone,true,true,true,true,included_speciesnet_classifier_label_and_country_geofence
WBGBIF2026_E0061,Corvus frugilegus,Aves,Luxembourg,LUX,aves;passeriformes;corvidae;corvus;frugilegus,true,true,true,true,included_speciesnet_classifier_label_and_country_geofence
WBGBIF2026_E0062,Corvus frugilegus,Aves,Luxembourg,LUX,aves;passeriformes;corvidae;corvus;frugilegus,true,true,true,true,included_speciesnet_classifier_label_and_country_geofence
WBGBIF2026_E0063,Corvus frugilegus,Aves,Luxembourg,LUX,aves;passeriformes;corvidae;corvus;frugilegus,true,true,true,true,included_speciesnet_classifier_label_and_country_geofence
WBGBIF2026_E0064,Cuniculus paca,Mammalia,Ecuador,ECU,mammalia;rodentia;cuniculidae;cuniculus;paca,true,true,true,true,included_speciesnet_classifier_label_and_country_geofence
WBGBIF2026_E0065,Cuniculus paca,Mammalia,Ecuador,ECU,mammalia;rodentia;cuniculidae;cuniculus;paca,true,true,true,true,included_speciesnet_classifier_label_and_country_geofence
WBGBIF2026_E0066,Cuniculus paca,Mammalia,Ecuador,ECU,mammalia;rodentia;cuniculidae;cuniculus;paca,true,true,true,true,included_speciesnet_classifier_label_and_country_geofence
WBGBIF2026_E0070,Dama dama,Mammalia,Belgium,BEL,mammalia;artiodactyla;cervidae;dama;dama,true,true,true,true,included_speciesnet_classifier_label_and_country_geofence
WBGBIF2026_E0071,Dama dama,Mammalia,Belgium,BEL,mammalia;artiodactyla;cervidae;dama;dama,true,true,true,true,included_speciesnet_classifier_label_and_country_geofence
WBGBIF2026_E0072,Dama dama,Mammalia,Belgium,BEL,mammalia;artiodactyla;cervidae;dama;dama,true,true,true,true,included_speciesnet_classifier_label_and_country_geofence
WBGBIF2026_E0073,Dasyprocta fuliginosa,Mammalia,Ecuador,ECU,mammalia;rodentia;dasyproctidae;dasyprocta;fuliginosa,true,true,true,true,included_speciesnet_classifier_label_and_country_geofence
WBGBIF2026_E0074,Dasyprocta fuliginosa,Mammalia,Ecuador,ECU,mammalia;rodentia;dasyproctidae;dasyprocta;fuliginosa,true,true,true,true,included_speciesnet_classifier_label_and_country_geofence
WBGBIF2026_E0075,Dasyprocta fuliginosa,Mammalia,Ecuador,ECU,mammalia;rodentia;dasyproctidae;dasyprocta;fuliginosa,true,true,true,true,included_speciesnet_classifier_label_and_country_geofence
WBGBIF2026_E0076,Dasyprocta punctata,Mammalia,Ecuador,ECU,mammalia;rodentia;dasyproctidae;dasyprocta;punctata,true,true,true,true,included_speciesnet_classifier_label_and_country_geofence
WBGBIF2026_E0077,Dasyprocta punctata,Mammalia,Ecuador,ECU,mammalia;rodentia;dasyproctidae;dasyprocta;punctata,true,true,true,true,included_speciesnet_classifier_label_and_country_geofence
WBGBIF2026_E0078,Dasyprocta punctata,Mammalia,Ecuador,ECU,mammalia;rodentia;dasyproctidae;dasyprocta;punctata,true,true,true,true,included_speciesnet_classifier_label_and_country_geofence
WBGBIF2026_E0079,Dasypus novemcinctus,Mammalia,Ecuador,ECU,mammalia;cingulata;dasypodidae;dasypus;novemcinctus,true,true,true,true,included_speciesnet_classifier_label_and_country_geofence
WBGBIF2026_E0080,Dasypus novemcinctus,Mammalia,Ecuador,ECU,mammalia;cingulata;dasypodidae;dasypus;novemcinctus,true,true,true,true,included_speciesnet_classifier_label_and_country_geofence
WBGBIF2026_E0081,Dasypus novemcinctus,Mammalia,Ecuador,ECU,mammalia;cingulata;dasypodidae;dasypus;novemcinctus,true,true,true,true,included_speciesnet_classifier_label_and_country_geofence
WBGBIF2026_E0082,Dendrocopos major,Aves,Belgium,BEL,aves;piciformes;picidae;dendrocopos;major,true,true,true,true,included_speciesnet_classifier_label_and_country_geofence
WBGBIF2026_E0083,Dendrocopos major,Aves,Belgium,BEL,aves;piciformes;picidae;dendrocopos;major,true,true,true,true,included_speciesnet_classifier_label_and_country_geofence
WBGBIF2026_E0084,Dendrocopos major,Aves,Belgium,BEL,aves;piciformes;picidae;dendrocopos;major,true,true,true,true,included_speciesnet_classifier_label_and_country_geofence
WBGBIF2026_E0088,Didelphis marsupialis,Mammalia,Ecuador,ECU,mammalia;didelphimorphia;didelphidae;didelphis;marsupialis,true,true,true,true,included_speciesnet_classifier_label_and_country_geofence
WBGBIF2026_E0089,Didelphis marsupialis,Mammalia,Ecuador,ECU,mammalia;didelphimorphia;didelphidae;didelphis;marsupialis,true,true,true,true,included_speciesnet_classifier_label_and_country_geofence
WBGBIF2026_E0090,Didelphis marsupialis,Mammalia,Ecuador,ECU,mammalia;didelphimorphia;didelphidae;didelphis;marsupialis,true,true,true,true,included_speciesnet_classifier_label_and_country_geofence
WBGBIF2026_E0091,Dryocopus martius,Aves,Belgium,BEL,aves;piciformes;picidae;dryocopus;martius,true,true,true,true,included_speciesnet_classifier_label_and_country_geofence
WBGBIF2026_E0092,Dryocopus martius,Aves,Belgium,BEL,aves;piciformes;picidae;dryocopus;martius,true,true,true,true,included_speciesnet_classifier_label_and_country_geofence
WBGBIF2026_E0093,Dryocopus martius,Aves,Luxembourg,LUX,aves;piciformes;picidae;dryocopus;martius,true,true,true,true,included_speciesnet_classifier_label_and_country_geofence
WBGBIF2026_E0094,Eira barbara,Mammalia,Ecuador,ECU,mammalia;carnivora;mustelidae;eira;barbara,true,true,true,true,included_speciesnet_classifier_label_and_country_geofence
WBGBIF2026_E0095,Eira barbara,Mammalia,Ecuador,ECU,mammalia;carnivora;mustelidae;eira;barbara,true,true,true,true,included_speciesnet_classifier_label_and_country_geofence
WBGBIF2026_E0096,Eira barbara,Mammalia,Ecuador,ECU,mammalia;carnivora;mustelidae;eira;barbara,true,true,true,true,included_speciesnet_classifier_label_and_country_geofence
WBGBIF2026_E0103,Erinaceus europaeus,Mammalia,Belgium,BEL,mammalia;eulipotyphla;erinaceidae;erinaceus;europaeus,true,true,true,true,included_speciesnet_classifier_label_and_country_geofence
WBGBIF2026_E0104,Erinaceus europaeus,Mammalia,Belgium,BEL,mammalia;eulipotyphla;erinaceidae;erinaceus;europaeus,true,true,true,true,included_speciesnet_classifier_label_and_country_geofence
WBGBIF2026_E0105,Erinaceus europaeus,Mammalia,Belgium,BEL,mammalia;eulipotyphla;erinaceidae;erinaceus;europaeus,true,true,true,true,included_speciesnet_classifier_label_and_country_geofence
WBGBIF2026_E0106,Erithacus rubecula,Aves,Germany,DEU,aves;passeriformes;muscicapidae;erithacus;rubecula,true,true,true,true,included_speciesnet_classifier_label_and_country_geofence
WBGBIF2026_E0107,Erithacus rubecula,Aves,Belgium,BEL,aves;passeriformes;muscicapidae;erithacus;rubecula,true,true,true,true,included_speciesnet_classifier_label_and_country_geofence
WBGBIF2026_E0108,Erithacus rubecula,Aves,Belgium,BEL,aves;passeriformes;muscicapidae;erithacus;rubecula,true,true,true,true,included_speciesnet_classifier_label_and_country_geofence
WBGBIF2026_E0109,Falco tinnunculus,Aves,Luxembourg,LUX,aves;falconiformes;falconidae;falco;tinnunculus,true,true,true,true,included_speciesnet_classifier_label_and_country_geofence
WBGBIF2026_E0110,Falco tinnunculus,Aves,Luxembourg,LUX,aves;falconiformes;falconidae;falco;tinnunculus,true,true,true,true,included_speciesnet_classifier_label_and_country_geofence
WBGBIF2026_E0111,Falco tinnunculus,Aves,Luxembourg,LUX,aves;falconiformes;falconidae;falco;tinnunculus,true,true,true,true,included_speciesnet_classifier_label_and_country_geofence
WBGBIF2026_E0112,Felis catus,Mammalia,Belgium,BEL,mammalia;carnivora;felidae;felis;catus,true,true,true,true,included_speciesnet_classifier_label_and_country_geofence
WBGBIF2026_E0113,Felis catus,Mammalia,Belgium,BEL,mammalia;carnivora;felidae;felis;catus,true,true,true,true,included_speciesnet_classifier_label_and_country_geofence
WBGBIF2026_E0114,Felis catus,Mammalia,Belgium,BEL,mammalia;carnivora;felidae;felis;catus,true,true,true,true,included_speciesnet_classifier_label_and_country_geofence
WBGBIF2026_E0115,Felis silvestris,Mammalia,Luxembourg,LUX,mammalia;carnivora;felidae;felis;silvestris,true,true,true,true,included_speciesnet_classifier_label_and_country_geofence
WBGBIF2026_E0116,Felis silvestris,Mammalia,Luxembourg,LUX,mammalia;carnivora;felidae;felis;silvestris,true,true,true,true,included_speciesnet_classifier_label_and_country_geofence
WBGBIF2026_E0117,Felis silvestris,Mammalia,Luxembourg,LUX,mammalia;carnivora;felidae;felis;silvestris,true,true,true,true,included_speciesnet_classifier_label_and_country_geofence
WBGBIF2026_E0118,Fringilla coelebs,Aves,Germany,DEU,aves;passeriformes;fringillidae;fringilla;coelebs,true,true,true,true,included_speciesnet_classifier_label_and_country_geofence
WBGBIF2026_E0119,Fringilla coelebs,Aves,Luxembourg,LUX,aves;passeriformes;fringillidae;fringilla;coelebs,true,true,true,true,included_speciesnet_classifier_label_and_country_geofence
WBGBIF2026_E0120,Fringilla coelebs,Aves,Luxembourg,LUX,aves;passeriformes;fringillidae;fringilla;coelebs,true,true,true,true,included_speciesnet_classifier_label_and_country_geofence
WBGBIF2026_E0127,Gallinula chloropus,Aves,Luxembourg,LUX,aves;gruiformes;rallidae;gallinula;chloropus,true,true,true,true,included_speciesnet_classifier_label_and_country_geofence
WBGBIF2026_E0128,Gallinula chloropus,Aves,Luxembourg,LUX,aves;gruiformes;rallidae;gallinula;chloropus,true,true,true,true,included_speciesnet_classifier_label_and_country_geofence
WBGBIF2026_E0129,Gallinula chloropus,Aves,Luxembourg,LUX,aves;gruiformes;rallidae;gallinula;chloropus,true,true,true,true,included_speciesnet_classifier_label_and_country_geofence
WBGBIF2026_E0130,Garrulus glandarius,Aves,Luxembourg,LUX,aves;passeriformes;corvidae;garrulus;glandarius,true,true,true,true,included_speciesnet_classifier_label_and_country_geofence
WBGBIF2026_E0131,Garrulus glandarius,Aves,Luxembourg,LUX,aves;passeriformes;corvidae;garrulus;glandarius,true,true,true,true,included_speciesnet_classifier_label_and_country_geofence
WBGBIF2026_E0132,Garrulus glandarius,Aves,Belgium,BEL,aves;passeriformes;corvidae;garrulus;glandarius,true,true,true,true,included_speciesnet_classifier_label_and_country_geofence
WBGBIF2026_E0136,Leopardus pardalis,Mammalia,Ecuador,ECU,mammalia;carnivora;felidae;leopardus;pardalis,true,true,true,true,included_speciesnet_classifier_label_and_country_geofence
WBGBIF2026_E0137,Leopardus pardalis,Mammalia,Ecuador,ECU,mammalia;carnivora;felidae;leopardus;pardalis,true,true,true,true,included_speciesnet_classifier_label_and_country_geofence
WBGBIF2026_E0138,Leopardus pardalis,Mammalia,Ecuador,ECU,mammalia;carnivora;felidae;leopardus;pardalis,true,true,true,true,included_speciesnet_classifier_label_and_country_geofence
WBGBIF2026_E0139,Leopardus wiedii,Mammalia,Ecuador,ECU,mammalia;carnivora;felidae;leopardus;wiedii,true,true,true,true,included_speciesnet_classifier_label_and_country_geofence
WBGBIF2026_E0140,Leopardus wiedii,Mammalia,Ecuador,ECU,mammalia;carnivora;felidae;leopardus;wiedii,true,true,true,true,included_speciesnet_classifier_label_and_country_geofence
WBGBIF2026_E0141,Leopardus wiedii,Mammalia,Ecuador,ECU,mammalia;carnivora;felidae;leopardus;wiedii,true,true,true,true,included_speciesnet_classifier_label_and_country_geofence
WBGBIF2026_E0142,Lepus europaeus,Mammalia,Belgium,BEL,mammalia;lagomorpha;leporidae;lepus;europaeus,true,true,true,true,included_speciesnet_classifier_label_and_country_geofence
WBGBIF2026_E0143,Lepus europaeus,Mammalia,Luxembourg,LUX,mammalia;lagomorpha;leporidae;lepus;europaeus,true,true,true,true,included_speciesnet_classifier_label_and_country_geofence
WBGBIF2026_E0144,Lepus europaeus,Mammalia,Belgium,BEL,mammalia;lagomorpha;leporidae;lepus;europaeus,true,true,true,true,included_speciesnet_classifier_label_and_country_geofence
WBGBIF2026_E0151,Martes foina,Mammalia,Luxembourg,LUX,mammalia;carnivora;mustelidae;martes;foina,true,true,true,true,included_speciesnet_classifier_label_and_country_geofence
WBGBIF2026_E0152,Martes foina,Mammalia,Belgium,BEL,mammalia;carnivora;mustelidae;martes;foina,true,true,true,true,included_speciesnet_classifier_label_and_country_geofence
WBGBIF2026_E0153,Martes foina,Mammalia,Belgium,BEL,mammalia;carnivora;mustelidae;martes;foina,true,true,true,true,included_speciesnet_classifier_label_and_country_geofence
WBGBIF2026_E0154,Martes martes,Mammalia,Luxembourg,LUX,mammalia;carnivora;mustelidae;martes;martes,true,true,true,true,included_speciesnet_classifier_label_and_country_geofence
WBGBIF2026_E0155,Martes martes,Mammalia,Luxembourg,LUX,mammalia;carnivora;mustelidae;martes;martes,true,true,true,true,included_speciesnet_classifier_label_and_country_geofence
WBGBIF2026_E0156,Martes martes,Mammalia,Luxembourg,LUX,mammalia;carnivora;mustelidae;martes;martes,true,true,true,true,included_speciesnet_classifier_label_and_country_geofence
WBGBIF2026_E0157,Mazama americana,Mammalia,Ecuador,ECU,mammalia;artiodactyla;cervidae;mazama;americana,true,true,true,true,included_speciesnet_classifier_label_and_country_geofence
WBGBIF2026_E0158,Mazama americana,Mammalia,Ecuador,ECU,mammalia;artiodactyla;cervidae;mazama;americana,true,true,true,true,included_speciesnet_classifier_label_and_country_geofence
WBGBIF2026_E0159,Mazama americana,Mammalia,Ecuador,ECU,mammalia;artiodactyla;cervidae;mazama;americana,true,true,true,true,included_speciesnet_classifier_label_and_country_geofence
WBGBIF2026_E0160,Mazama gouazoubira,Mammalia,Ecuador,ECU,mammalia;artiodactyla;cervidae;mazama;gouazoubira,true,true,true,true,included_speciesnet_classifier_label_and_country_geofence
WBGBIF2026_E0161,Mazama gouazoubira,Mammalia,Ecuador,ECU,mammalia;artiodactyla;cervidae;mazama;gouazoubira,true,true,true,true,included_speciesnet_classifier_label_and_country_geofence
WBGBIF2026_E0162,Mazama gouazoubira,Mammalia,Ecuador,ECU,mammalia;artiodactyla;cervidae;mazama;gouazoubira,true,true,true,true,included_speciesnet_classifier_label_and_country_geofence
WBGBIF2026_E0163,Meles meles,Mammalia,Luxembourg,LUX,mammalia;carnivora;mustelidae;meles;meles,true,true,true,true,included_speciesnet_classifier_label_and_country_geofence
WBGBIF2026_E0164,Meles meles,Mammalia,Luxembourg,LUX,mammalia;carnivora;mustelidae;meles;meles,true,true,true,true,included_speciesnet_classifier_label_and_country_geofence
WBGBIF2026_E0165,Meles meles,Mammalia,Belgium,BEL,mammalia;carnivora;mustelidae;meles;meles,true,true,true,true,included_speciesnet_classifier_label_and_country_geofence
WBGBIF2026_E0166,Metachirus nudicaudatus,Mammalia,Ecuador,ECU,mammalia;didelphimorphia;didelphidae;metachirus;nudicaudatus,true,true,true,true,included_speciesnet_classifier_label_and_country_geofence
WBGBIF2026_E0167,Metachirus nudicaudatus,Mammalia,Ecuador,ECU,mammalia;didelphimorphia;didelphidae;metachirus;nudicaudatus,true,true,true,true,included_speciesnet_classifier_label_and_country_geofence
WBGBIF2026_E0168,Metachirus nudicaudatus,Mammalia,Ecuador,ECU,mammalia;didelphimorphia;didelphidae;metachirus;nudicaudatus,true,true,true,true,included_speciesnet_classifier_label_and_country_geofence
WBGBIF2026_E0169,Mitu salvini,Aves,Ecuador,ECU,aves;galliformes;cracidae;mitu;salvini,true,true,true,true,included_speciesnet_classifier_label_and_country_geofence
WBGBIF2026_E0170,Mitu salvini,Aves,Ecuador,ECU,aves;galliformes;cracidae;mitu;salvini,true,true,true,true,included_speciesnet_classifier_label_and_country_geofence
WBGBIF2026_E0171,Mitu salvini,Aves,Ecuador,ECU,aves;galliformes;cracidae;mitu;salvini,true,true,true,true,included_speciesnet_classifier_label_and_country_geofence
WBGBIF2026_E0175,Motacilla flava,Aves,Luxembourg,LUX,aves;passeriformes;motacillidae;motacilla;flava,true,true,true,true,included_speciesnet_classifier_label_and_country_geofence
WBGBIF2026_E0176,Motacilla flava,Aves,Luxembourg,LUX,aves;passeriformes;motacillidae;motacilla;flava,true,true,true,true,included_speciesnet_classifier_label_and_country_geofence
WBGBIF2026_E0177,Motacilla flava,Aves,Luxembourg,LUX,aves;passeriformes;motacillidae;motacilla;flava,true,true,true,true,included_speciesnet_classifier_label_and_country_geofence
WBGBIF2026_E0178,Mustela erminea,Mammalia,Belgium,BEL,mammalia;carnivora;mustelidae;mustela;erminea,true,true,true,true,included_speciesnet_classifier_label_and_country_geofence
WBGBIF2026_E0179,Mustela erminea,Mammalia,Luxembourg,LUX,mammalia;carnivora;mustelidae;mustela;erminea,true,true,true,true,included_speciesnet_classifier_label_and_country_geofence
WBGBIF2026_E0180,Mustela erminea,Mammalia,Luxembourg,LUX,mammalia;carnivora;mustelidae;mustela;erminea,true,true,true,true,included_speciesnet_classifier_label_and_country_geofence
WBGBIF2026_E0181,Mustela putorius,Mammalia,Luxembourg,LUX,mammalia;carnivora;mustelidae;mustela;putorius,true,true,true,true,included_speciesnet_classifier_label_and_country_geofence
WBGBIF2026_E0182,Mustela putorius,Mammalia,Belgium,BEL,mammalia;carnivora;mustelidae;mustela;putorius,true,true,true,true,included_speciesnet_classifier_label_and_country_geofence
WBGBIF2026_E0183,Mustela putorius,Mammalia,Luxembourg,LUX,mammalia;carnivora;mustelidae;mustela;putorius,true,true,true,true,included_speciesnet_classifier_label_and_country_geofence
WBGBIF2026_E0184,Myoprocta pratti,Mammalia,Ecuador,ECU,mammalia;rodentia;dasyproctidae;myoprocta;pratti,true,true,true,true,included_speciesnet_classifier_label_and_country_geofence
WBGBIF2026_E0185,Myoprocta pratti,Mammalia,Ecuador,ECU,mammalia;rodentia;dasyproctidae;myoprocta;pratti,true,true,true,true,included_speciesnet_classifier_label_and_country_geofence
WBGBIF2026_E0186,Myoprocta pratti,Mammalia,Ecuador,ECU,mammalia;rodentia;dasyproctidae;myoprocta;pratti,true,true,true,true,included_speciesnet_classifier_label_and_country_geofence
WBGBIF2026_E0187,Myrmecophaga tridactyla,Mammalia,Ecuador,ECU,mammalia;pilosa;myrmecophagidae;myrmecophaga;tridactyla,true,true,true,true,included_speciesnet_classifier_label_and_country_geofence
WBGBIF2026_E0188,Myrmecophaga tridactyla,Mammalia,Ecuador,ECU,mammalia;pilosa;myrmecophagidae;myrmecophaga;tridactyla,true,true,true,true,included_speciesnet_classifier_label_and_country_geofence
WBGBIF2026_E0189,Myrmecophaga tridactyla,Mammalia,Ecuador,ECU,mammalia;pilosa;myrmecophagidae;myrmecophaga;tridactyla,true,true,true,true,included_speciesnet_classifier_label_and_country_geofence
WBGBIF2026_E0190,Nothocrax urumutum,Aves,Ecuador,ECU,aves;galliformes;cracidae;nothocrax;urumutum,true,true,true,true,included_speciesnet_classifier_label_and_country_geofence
WBGBIF2026_E0191,Nothocrax urumutum,Aves,Ecuador,ECU,aves;galliformes;cracidae;nothocrax;urumutum,true,true,true,true,included_speciesnet_classifier_label_and_country_geofence
WBGBIF2026_E0192,Nothocrax urumutum,Aves,Ecuador,ECU,aves;galliformes;cracidae;nothocrax;urumutum,true,true,true,true,included_speciesnet_classifier_label_and_country_geofence
WBGBIF2026_E0193,Oryctolagus cuniculus,Mammalia,Belgium,BEL,mammalia;lagomorpha;leporidae;oryctolagus;cuniculus,true,true,true,true,included_speciesnet_classifier_label_and_country_geofence
WBGBIF2026_E0194,Oryctolagus cuniculus,Mammalia,Belgium,BEL,mammalia;lagomorpha;leporidae;oryctolagus;cuniculus,true,true,true,true,included_speciesnet_classifier_label_and_country_geofence
WBGBIF2026_E0195,Oryctolagus cuniculus,Mammalia,Luxembourg,LUX,mammalia;lagomorpha;leporidae;oryctolagus;cuniculus,true,true,true,true,included_speciesnet_classifier_label_and_country_geofence
WBGBIF2026_E0196,Ovis aries,Mammalia,Belgium,BEL,mammalia;artiodactyla;bovidae;ovis;aries,true,true,true,true,included_speciesnet_classifier_label_and_country_geofence
WBGBIF2026_E0197,Ovis aries,Mammalia,Belgium,BEL,mammalia;artiodactyla;bovidae;ovis;aries,true,true,true,true,included_speciesnet_classifier_label_and_country_geofence
WBGBIF2026_E0198,Ovis aries,Mammalia,Belgium,BEL,mammalia;artiodactyla;bovidae;ovis;aries,true,true,true,true,included_speciesnet_classifier_label_and_country_geofence
WBGBIF2026_E0199,Panthera onca,Mammalia,Ecuador,ECU,mammalia;carnivora;felidae;panthera;onca,true,true,true,true,included_speciesnet_classifier_label_and_country_geofence
WBGBIF2026_E0200,Panthera onca,Mammalia,Ecuador,ECU,mammalia;carnivora;felidae;panthera;onca,true,true,true,true,included_speciesnet_classifier_label_and_country_geofence
WBGBIF2026_E0201,Panthera onca,Mammalia,Ecuador,ECU,mammalia;carnivora;felidae;panthera;onca,true,true,true,true,included_speciesnet_classifier_label_and_country_geofence
WBGBIF2026_E0205,Passer domesticus,Aves,Luxembourg,LUX,aves;passeriformes;passeridae;passer;domesticus,true,true,true,true,included_speciesnet_classifier_label_and_country_geofence
WBGBIF2026_E0206,Passer domesticus,Aves,Luxembourg,LUX,aves;passeriformes;passeridae;passer;domesticus,true,true,true,true,included_speciesnet_classifier_label_and_country_geofence
WBGBIF2026_E0207,Passer domesticus,Aves,Luxembourg,LUX,aves;passeriformes;passeridae;passer;domesticus,true,true,true,true,included_speciesnet_classifier_label_and_country_geofence
WBGBIF2026_E0208,Pecari tajacu,Mammalia,Ecuador,ECU,mammalia;artiodactyla;tayassuidae;pecari;tajacu,true,true,true,true,included_speciesnet_classifier_label_and_country_geofence
WBGBIF2026_E0209,Pecari tajacu,Mammalia,Ecuador,ECU,mammalia;artiodactyla;tayassuidae;pecari;tajacu,true,true,true,true,included_speciesnet_classifier_label_and_country_geofence
WBGBIF2026_E0210,Pecari tajacu,Mammalia,Ecuador,ECU,mammalia;artiodactyla;tayassuidae;pecari;tajacu,true,true,true,true,included_speciesnet_classifier_label_and_country_geofence
WBGBIF2026_E0211,Penelope purpurascens,Aves,Ecuador,ECU,aves;galliformes;cracidae;penelope;purpurascens,true,true,true,true,included_speciesnet_classifier_label_and_country_geofence
WBGBIF2026_E0212,Penelope purpurascens,Aves,Ecuador,ECU,aves;galliformes;cracidae;penelope;purpurascens,true,true,true,true,included_speciesnet_classifier_label_and_country_geofence
WBGBIF2026_E0213,Penelope purpurascens,Aves,Ecuador,ECU,aves;galliformes;cracidae;penelope;purpurascens,true,true,true,true,included_speciesnet_classifier_label_and_country_geofence
WBGBIF2026_E0214,Phasianus colchicus,Aves,Belgium,BEL,aves;galliformes;phasianidae;phasianus;colchicus,true,true,true,true,included_speciesnet_classifier_label_and_country_geofence
WBGBIF2026_E0215,Phasianus colchicus,Aves,Belgium,BEL,aves;galliformes;phasianidae;phasianus;colchicus,true,true,true,true,included_speciesnet_classifier_label_and_country_geofence
WBGBIF2026_E0216,Phasianus colchicus,Aves,Belgium,BEL,aves;galliformes;phasianidae;phasianus;colchicus,true,true,true,true,included_speciesnet_classifier_label_and_country_geofence
WBGBIF2026_E0217,Phoenicurus ochruros,Aves,Luxembourg,LUX,aves;passeriformes;muscicapidae;phoenicurus;ochruros,true,true,true,true,included_speciesnet_classifier_label_and_country_geofence
WBGBIF2026_E0218,Phoenicurus ochruros,Aves,Luxembourg,LUX,aves;passeriformes;muscicapidae;phoenicurus;ochruros,true,true,true,true,included_speciesnet_classifier_label_and_country_geofence
WBGBIF2026_E0219,Phoenicurus ochruros,Aves,Luxembourg,LUX,aves;passeriformes;muscicapidae;phoenicurus;ochruros,true,true,true,true,included_speciesnet_classifier_label_and_country_geofence
WBGBIF2026_E0220,Phoenicurus phoenicurus,Aves,Luxembourg,LUX,aves;passeriformes;muscicapidae;phoenicurus;phoenicurus,true,true,true,true,included_speciesnet_classifier_label_and_country_geofence
WBGBIF2026_E0221,Phoenicurus phoenicurus,Aves,Luxembourg,LUX,aves;passeriformes;muscicapidae;phoenicurus;phoenicurus,true,true,true,true,included_speciesnet_classifier_label_and_country_geofence
WBGBIF2026_E0222,Phoenicurus phoenicurus,Aves,Luxembourg,LUX,aves;passeriformes;muscicapidae;phoenicurus;phoenicurus,true,true,true,true,included_speciesnet_classifier_label_and_country_geofence
WBGBIF2026_E0226,Pica pica,Aves,Belgium,BEL,aves;passeriformes;corvidae;pica;pica,true,true,true,true,included_speciesnet_classifier_label_and_country_geofence
WBGBIF2026_E0227,Pica pica,Aves,Belgium,BEL,aves;passeriformes;corvidae;pica;pica,true,true,true,true,included_speciesnet_classifier_label_and_country_geofence
WBGBIF2026_E0228,Pica pica,Aves,Belgium,BEL,aves;passeriformes;corvidae;pica;pica,true,true,true,true,included_speciesnet_classifier_label_and_country_geofence
WBGBIF2026_E0229,Picus viridis,Aves,Belgium,BEL,aves;piciformes;picidae;picus;viridis,true,true,true,true,included_speciesnet_classifier_label_and_country_geofence
WBGBIF2026_E0230,Picus viridis,Aves,Luxembourg,LUX,aves;piciformes;picidae;picus;viridis,true,true,true,true,included_speciesnet_classifier_label_and_country_geofence
WBGBIF2026_E0231,Picus viridis,Aves,Luxembourg,LUX,aves;piciformes;picidae;picus;viridis,true,true,true,true,included_speciesnet_classifier_label_and_country_geofence
WBGBIF2026_E0238,Proechimys semispinosus,Mammalia,Ecuador,ECU,mammalia;rodentia;echimyidae;proechimys;semispinosus,true,true,true,true,included_speciesnet_classifier_label_and_country_geofence
WBGBIF2026_E0239,Proechimys semispinosus,Mammalia,Ecuador,ECU,mammalia;rodentia;echimyidae;proechimys;semispinosus,true,true,true,true,included_speciesnet_classifier_label_and_country_geofence
WBGBIF2026_E0240,Proechimys semispinosus,Mammalia,Ecuador,ECU,mammalia;rodentia;echimyidae;proechimys;semispinosus,true,true,true,true,included_speciesnet_classifier_label_and_country_geofence
WBGBIF2026_E0244,Psophia crepitans,Aves,Ecuador,ECU,aves;gruiformes;psophiidae;psophia;crepitans,true,true,true,true,included_speciesnet_classifier_label_and_country_geofence
WBGBIF2026_E0245,Psophia crepitans,Aves,Ecuador,ECU,aves;gruiformes;psophiidae;psophia;crepitans,true,true,true,true,included_speciesnet_classifier_label_and_country_geofence
WBGBIF2026_E0246,Psophia crepitans,Aves,Ecuador,ECU,aves;gruiformes;psophiidae;psophia;crepitans,true,true,true,true,included_speciesnet_classifier_label_and_country_geofence
WBGBIF2026_E0247,Puma concolor,Mammalia,Ecuador,ECU,mammalia;carnivora;felidae;puma;concolor,true,true,true,true,included_speciesnet_classifier_label_and_country_geofence
WBGBIF2026_E0248,Puma concolor,Mammalia,Ecuador,ECU,mammalia;carnivora;felidae;puma;concolor,true,true,true,true,included_speciesnet_classifier_label_and_country_geofence
WBGBIF2026_E0249,Puma concolor,Mammalia,Ecuador,ECU,mammalia;carnivora;felidae;puma;concolor,true,true,true,true,included_speciesnet_classifier_label_and_country_geofence
WBGBIF2026_E0253,Rattus norvegicus,Mammalia,Belgium,BEL,mammalia;rodentia;muridae;rattus;norvegicus,true,true,true,true,included_speciesnet_classifier_label_and_country_geofence
WBGBIF2026_E0254,Rattus norvegicus,Mammalia,Belgium,BEL,mammalia;rodentia;muridae;rattus;norvegicus,true,true,true,true,included_speciesnet_classifier_label_and_country_geofence
WBGBIF2026_E0255,Rattus norvegicus,Mammalia,Belgium,BEL,mammalia;rodentia;muridae;rattus;norvegicus,true,true,true,true,included_speciesnet_classifier_label_and_country_geofence
WBGBIF2026_E0259,Saxicola rubicola,Aves,Luxembourg,LUX,aves;passeriformes;muscicapidae;saxicola;rubicola,true,true,true,true,included_speciesnet_classifier_label_and_country_geofence
WBGBIF2026_E0260,Saxicola rubicola,Aves,Luxembourg,LUX,aves;passeriformes;muscicapidae;saxicola;rubicola,true,true,true,true,included_speciesnet_classifier_label_and_country_geofence
WBGBIF2026_E0261,Saxicola rubicola,Aves,Luxembourg,LUX,aves;passeriformes;muscicapidae;saxicola;rubicola,true,true,true,true,included_speciesnet_classifier_label_and_country_geofence
WBGBIF2026_E0262,Sciurus vulgaris,Mammalia,Luxembourg,LUX,mammalia;rodentia;sciuridae;sciurus;vulgaris,true,true,true,true,included_speciesnet_classifier_label_and_country_geofence
WBGBIF2026_E0263,Sciurus vulgaris,Mammalia,Luxembourg,LUX,mammalia;rodentia;sciuridae;sciurus;vulgaris,true,true,true,true,included_speciesnet_classifier_label_and_country_geofence
WBGBIF2026_E0264,Sciurus vulgaris,Mammalia,Luxembourg,LUX,mammalia;rodentia;sciuridae;sciurus;vulgaris,true,true,true,true,included_speciesnet_classifier_label_and_country_geofence
WBGBIF2026_E0265,Scolopax rusticola,Aves,Luxembourg,LUX,aves;charadriiformes;scolopacidae;scolopax;rusticola,true,true,true,true,included_speciesnet_classifier_label_and_country_geofence
WBGBIF2026_E0266,Scolopax rusticola,Aves,Belgium,BEL,aves;charadriiformes;scolopacidae;scolopax;rusticola,true,true,true,true,included_speciesnet_classifier_label_and_country_geofence
WBGBIF2026_E0267,Scolopax rusticola,Aves,Belgium,BEL,aves;charadriiformes;scolopacidae;scolopax;rusticola,true,true,true,true,included_speciesnet_classifier_label_and_country_geofence
WBGBIF2026_E0268,Sitta europaea,Aves,Belgium,BEL,aves;passeriformes;sittidae;sitta;europaea,true,true,true,true,included_speciesnet_classifier_label_and_country_geofence
WBGBIF2026_E0269,Sitta europaea,Aves,Belgium,BEL,aves;passeriformes;sittidae;sitta;europaea,true,true,true,true,included_speciesnet_classifier_label_and_country_geofence
WBGBIF2026_E0270,Sitta europaea,Aves,Belgium,BEL,aves;passeriformes;sittidae;sitta;europaea,true,true,true,true,included_speciesnet_classifier_label_and_country_geofence
WBGBIF2026_E0271,Strix aluco,Aves,Belgium,BEL,aves;strigiformes;strigidae;strix;aluco,true,true,true,true,included_speciesnet_classifier_label_and_country_geofence
WBGBIF2026_E0272,Strix aluco,Aves,Belgium,BEL,aves;strigiformes;strigidae;strix;aluco,true,true,true,true,included_speciesnet_classifier_label_and_country_geofence
WBGBIF2026_E0273,Strix aluco,Aves,Belgium,BEL,aves;strigiformes;strigidae;strix;aluco,true,true,true,true,included_speciesnet_classifier_label_and_country_geofence
WBGBIF2026_E0274,Sturnus vulgaris,Aves,Luxembourg,LUX,aves;passeriformes;sturnidae;sturnus;vulgaris,true,true,true,true,included_speciesnet_classifier_label_and_country_geofence
WBGBIF2026_E0275,Sturnus vulgaris,Aves,Luxembourg,LUX,aves;passeriformes;sturnidae;sturnus;vulgaris,true,true,true,true,included_speciesnet_classifier_label_and_country_geofence
WBGBIF2026_E0276,Sturnus vulgaris,Aves,France,FRA,aves;passeriformes;sturnidae;sturnus;vulgaris,true,true,true,true,included_speciesnet_classifier_label_and_country_geofence
WBGBIF2026_E0277,Sus scrofa,Mammalia,Belgium,BEL,mammalia;artiodactyla;suidae;sus;scrofa,true,true,true,true,included_speciesnet_classifier_label_and_country_geofence
WBGBIF2026_E0278,Sus scrofa,Mammalia,Belgium,BEL,mammalia;artiodactyla;suidae;sus;scrofa,true,true,true,true,included_speciesnet_classifier_label_and_country_geofence
WBGBIF2026_E0279,Sus scrofa,Mammalia,Belgium,BEL,mammalia;artiodactyla;suidae;sus;scrofa,true,true,true,true,included_speciesnet_classifier_label_and_country_geofence
WBGBIF2026_E0289,Syrmaticus reevesii,Aves,Belgium,BEL,aves;galliformes;phasianidae;syrmaticus;reevesii,true,true,true,true,included_speciesnet_classifier_label_and_country_geofence
WBGBIF2026_E0290,Syrmaticus reevesii,Aves,Belgium,BEL,aves;galliformes;phasianidae;syrmaticus;reevesii,true,true,true,true,included_speciesnet_classifier_label_and_country_geofence
WBGBIF2026_E0291,Syrmaticus reevesii,Aves,Belgium,BEL,aves;galliformes;phasianidae;syrmaticus;reevesii,true,true,true,true,included_speciesnet_classifier_label_and_country_geofence
WBGBIF2026_E0292,Tapirus terrestris,Mammalia,Ecuador,ECU,mammalia;perissodactyla;tapiridae;tapirus;terrestris,true,true,true,true,included_speciesnet_classifier_label_and_country_geofence
WBGBIF2026_E0293,Tapirus terrestris,Mammalia,Ecuador,ECU,mammalia;perissodactyla;tapiridae;tapirus;terrestris,true,true,true,true,included_speciesnet_classifier_label_and_country_geofence
WBGBIF2026_E0294,Tapirus terrestris,Mammalia,Ecuador,ECU,mammalia;perissodactyla;tapiridae;tapirus;terrestris,true,true,true,true,included_speciesnet_classifier_label_and_country_geofence
WBGBIF2026_E0295,Tayassu pecari,Mammalia,Ecuador,ECU,mammalia;artiodactyla;tayassuidae;tayassu;pecari,true,true,true,true,included_speciesnet_classifier_label_and_country_geofence
WBGBIF2026_E0296,Tayassu pecari,Mammalia,Ecuador,ECU,mammalia;artiodactyla;tayassuidae;tayassu;pecari,true,true,true,true,included_speciesnet_classifier_label_and_country_geofence
WBGBIF2026_E0297,Tayassu pecari,Mammalia,Ecuador,ECU,mammalia;artiodactyla;tayassuidae;tayassu;pecari,true,true,true,true,included_speciesnet_classifier_label_and_country_geofence
WBGBIF2026_E0298,Tinamus major,Aves,Ecuador,ECU,aves;struthioniformes;tinamidae;tinamus;major,true,true,true,true,included_speciesnet_classifier_label_and_country_geofence
WBGBIF2026_E0299,Tinamus major,Aves,Ecuador,ECU,aves;struthioniformes;tinamidae;tinamus;major,true,true,true,true,included_speciesnet_classifier_label_and_country_geofence
WBGBIF2026_E0300,Tinamus major,Aves,Ecuador,ECU,aves;struthioniformes;tinamidae;tinamus;major,true,true,true,true,included_speciesnet_classifier_label_and_country_geofence
WBGBIF2026_E0301,Tinamus tao,Aves,Ecuador,ECU,aves;struthioniformes;tinamidae;tinamus;tao,true,true,true,true,included_speciesnet_classifier_label_and_country_geofence
WBGBIF2026_E0302,Tinamus tao,Aves,Ecuador,ECU,aves;struthioniformes;tinamidae;tinamus;tao,true,true,true,true,included_speciesnet_classifier_label_and_country_geofence
WBGBIF2026_E0303,Tinamus tao,Aves,Ecuador,ECU,aves;struthioniformes;tinamidae;tinamus;tao,true,true,true,true,included_speciesnet_classifier_label_and_country_geofence
WBGBIF2026_E0304,Tremarctos ornatus,Mammalia,Ecuador,ECU,mammalia;carnivora;ursidae;tremarctos;ornatus,true,true,true,true,included_speciesnet_classifier_label_and_country_geofence
WBGBIF2026_E0305,Tremarctos ornatus,Mammalia,Ecuador,ECU,mammalia;carnivora;ursidae;tremarctos;ornatus,true,true,true,true,included_speciesnet_classifier_label_and_country_geofence
WBGBIF2026_E0306,Tremarctos ornatus,Mammalia,Ecuador,ECU,mammalia;carnivora;ursidae;tremarctos;ornatus,true,true,true,true,included_speciesnet_classifier_label_and_country_geofence
WBGBIF2026_E0307,Troglodytes troglodytes,Aves,Belgium,BEL,aves;passeriformes;troglodytidae;troglodytes;troglodytes,true,true,true,true,included_speciesnet_classifier_label_and_country_geofence
WBGBIF2026_E0308,Troglodytes troglodytes,Aves,Belgium,BEL,aves;passeriformes;troglodytidae;troglodytes;troglodytes,true,true,true,true,included_speciesnet_classifier_label_and_country_geofence
WBGBIF2026_E0309,Troglodytes troglodytes,Aves,Belgium,BEL,aves;passeriformes;troglodytidae;troglodytes;troglodytes,true,true,true,true,included_speciesnet_classifier_label_and_country_geofence
WBGBIF2026_E0310,Turdus iliacus,Aves,Belgium,BEL,aves;passeriformes;turdidae;turdus;iliacus,true,true,true,true,included_speciesnet_classifier_label_and_country_geofence
WBGBIF2026_E0311,Turdus iliacus,Aves,Belgium,BEL,aves;passeriformes;turdidae;turdus;iliacus,true,true,true,true,included_speciesnet_classifier_label_and_country_geofence
WBGBIF2026_E0312,Turdus iliacus,Aves,Belgium,BEL,aves;passeriformes;turdidae;turdus;iliacus,true,true,true,true,included_speciesnet_classifier_label_and_country_geofence
WBGBIF2026_E0313,Turdus merula,Aves,Belgium,BEL,aves;passeriformes;turdidae;turdus;merula,true,true,true,true,included_speciesnet_classifier_label_and_country_geofence
WBGBIF2026_E0314,Turdus merula,Aves,Belgium,BEL,aves;passeriformes;turdidae;turdus;merula,true,true,true,true,included_speciesnet_classifier_label_and_country_geofence
WBGBIF2026_E0315,Turdus merula,Aves,Belgium,BEL,aves;passeriformes;turdidae;turdus;merula,true,true,true,true,included_speciesnet_classifier_label_and_country_geofence
WBGBIF2026_E0316,Turdus philomelos,Aves,Belgium,BEL,aves;passeriformes;turdidae;turdus;philomelos,true,true,true,true,included_speciesnet_classifier_label_and_country_geofence
WBGBIF2026_E0317,Turdus philomelos,Aves,Belgium,BEL,aves;passeriformes;turdidae;turdus;philomelos,true,true,true,true,included_speciesnet_classifier_label_and_country_geofence
WBGBIF2026_E0318,Turdus philomelos,Aves,Belgium,BEL,aves;passeriformes;turdidae;turdus;philomelos,true,true,true,true,included_speciesnet_classifier_label_and_country_geofence
WBGBIF2026_E0319,Turdus pilaris,Aves,Germany,DEU,aves;passeriformes;turdidae;turdus;pilaris,true,true,true,true,included_speciesnet_classifier_label_and_country_geofence
WBGBIF2026_E0320,Turdus pilaris,Aves,Germany,DEU,aves;passeriformes;turdidae;turdus;pilaris,true,true,true,true,included_speciesnet_classifier_label_and_country_geofence
WBGBIF2026_E0321,Turdus pilaris,Aves,Luxembourg,LUX,aves;passeriformes;turdidae;turdus;pilaris,true,true,true,true,included_speciesnet_classifier_label_and_country_geofence
WBGBIF2026_E0325,Turdus viscivorus,Aves,Belgium,BEL,aves;passeriformes;turdidae;turdus;viscivorus,true,true,true,true,included_speciesnet_classifier_label_and_country_geofence
WBGBIF2026_E0326,Turdus viscivorus,Aves,Belgium,BEL,aves;passeriformes;turdidae;turdus;viscivorus,true,true,true,true,included_speciesnet_classifier_label_and_country_geofence
WBGBIF2026_E0327,Turdus viscivorus,Aves,Luxembourg,LUX,aves;passeriformes;turdidae;turdus;viscivorus,true,true,true,true,included_speciesnet_classifier_label_and_country_geofence
WBGBIF2026_E0328,Vulpes vulpes,Mammalia,Belgium,BEL,mammalia;carnivora;canidae;vulpes;vulpes,true,true,true,true,included_speciesnet_classifier_label_and_country_geofence
WBGBIF2026_E0329,Vulpes vulpes,Mammalia,Belgium,BEL,mammalia;carnivora;canidae;vulpes;vulpes,true,true,true,true,included_speciesnet_classifier_label_and_country_geofence
WBGBIF2026_E0330,Vulpes vulpes,Mammalia,Luxembourg,LUX,mammalia;carnivora;canidae;vulpes;vulpes,true,true,true,true,included_speciesnet_classifier_label_and_country_geofence
