observationID,deploymentID,eventID,observationLevel,observationType,scientificName,taxonID,count,classificationMethod,classifiedBy,classificationTimestamp
WBGBIF2026_E0001_obs,WBGBIF2026_D_BEL_c9cbc586,WBGBIF2026_E0001,event,animal,Accipiter nisus,,1,source label plus WildlifeBench visual curation,WildlifeBench curation,
WBGBIF2026_E0002_obs,WBGBIF2026_D_LUX_273ee7a0,WBGBIF2026_E0002,event,animal,Accipiter nisus,,1,source label plus WildlifeBench visual curation,WildlifeBench curation,
WBGBIF2026_E0003_obs,WBGBIF2026_D_LUX_273ee7a0,WBGBIF2026_E0003,event,animal,Accipiter nisus,,1,source label plus WildlifeBench visual curation,WildlifeBench curation,
WBGBIF2026_E0007_obs,WBGBIF2026_D_BEL_c9cbc586,WBGBIF2026_E0007,event,animal,Alopochen aegyptiaca,,1,source label plus WildlifeBench visual curation,WildlifeBench curation,
WBGBIF2026_E0008_obs,WBGBIF2026_D_BEL_c9cbc586,WBGBIF2026_E0008,event,animal,Alopochen aegyptiaca,,1,source label plus WildlifeBench visual curation,WildlifeBench curation,
WBGBIF2026_E0009_obs,WBGBIF2026_D_BEL_c9cbc586,WBGBIF2026_E0009,event,animal,Alopochen aegyptiaca,,1,source label plus WildlifeBench visual curation,WildlifeBench curation,
WBGBIF2026_E0010_obs,WBGBIF2026_D_BEL_c9cbc586,WBGBIF2026_E0010,event,animal,Anas platyrhynchos,,1,source label plus WildlifeBench visual curation,WildlifeBench curation,
WBGBIF2026_E0011_obs,WBGBIF2026_D_BEL_c9cbc586,WBGBIF2026_E0011,event,animal,Anas platyrhynchos,,1,source label plus WildlifeBench visual curation,WildlifeBench curation,
WBGBIF2026_E0012_obs,WBGBIF2026_D_BEL_c9cbc586,WBGBIF2026_E0012,event,animal,Anas platyrhynchos,,1,source label plus WildlifeBench visual curation,WildlifeBench curation,
WBGBIF2026_E0013_obs,WBGBIF2026_D_BEL_c9cbc586,WBGBIF2026_E0013,event,animal,Apodemus sylvaticus,,1,source label plus WildlifeBench visual curation,WildlifeBench curation,
WBGBIF2026_E0014_obs,WBGBIF2026_D_BEL_c9cbc586,WBGBIF2026_E0014,event,animal,Apodemus sylvaticus,,1,source label plus WildlifeBench visual curation,WildlifeBench curation,
WBGBIF2026_E0015_obs,WBGBIF2026_D_BEL_c9cbc586,WBGBIF2026_E0015,event,animal,Apodemus sylvaticus,,1,source label plus WildlifeBench visual curation,WildlifeBench curation,
WBGBIF2026_E0016_obs,WBGBIF2026_D_BEL_c9cbc586,WBGBIF2026_E0016,event,animal,Ardea cinerea,,1,source label plus WildlifeBench visual curation,WildlifeBench curation,
WBGBIF2026_E0017_obs,WBGBIF2026_D_BEL_c9cbc586,WBGBIF2026_E0017,event,animal,Ardea cinerea,,1,source label plus WildlifeBench visual curation,WildlifeBench curation,
WBGBIF2026_E0018_obs,WBGBIF2026_D_BEL_c9cbc586,WBGBIF2026_E0018,event,animal,Ardea cinerea,,1,source label plus WildlifeBench visual curation,WildlifeBench curation,
WBGBIF2026_E0019_obs,WBGBIF2026_D_ECU_68f49e46,WBGBIF2026_E0019,event,animal,Atelocynus microtis,,1,source label plus WildlifeBench visual curation,WildlifeBench curation,
WBGBIF2026_E0020_obs,WBGBIF2026_D_ECU_68f49e46,WBGBIF2026_E0020,event,animal,Atelocynus microtis,,1,source label plus WildlifeBench visual curation,WildlifeBench curation,
WBGBIF2026_E0021_obs,WBGBIF2026_D_ECU_68f49e46,WBGBIF2026_E0021,event,animal,Atelocynus microtis,,1,source label plus WildlifeBench visual curation,WildlifeBench curation,
WBGBIF2026_E0022_obs,WBGBIF2026_D_BEL_c9cbc586,WBGBIF2026_E0022,event,animal,Bos taurus,,1,source label plus WildlifeBench visual curation,WildlifeBench curation,
WBGBIF2026_E0023_obs,WBGBIF2026_D_ECU_68f49e46,WBGBIF2026_E0023,event,animal,Bos taurus,,1,source label plus WildlifeBench visual curation,WildlifeBench curation,
WBGBIF2026_E0024_obs,WBGBIF2026_D_ECU_68f49e46,WBGBIF2026_E0024,event,animal,Bos taurus,,1,source label plus WildlifeBench visual curation,WildlifeBench curation,
WBGBIF2026_E0028_obs,WBGBIF2026_D_BEL_c9cbc586,WBGBIF2026_E0028,event,animal,Buteo buteo,,1,source label plus WildlifeBench visual curation,WildlifeBench curation,
WBGBIF2026_E0029_obs,WBGBIF2026_D_LUX_fc3f505a,WBGBIF2026_E0029,event,animal,Buteo buteo,,1,source label plus WildlifeBench visual curation,WildlifeBench curation,
WBGBIF2026_E0030_obs,WBGBIF2026_D_BEL_c9cbc586,WBGBIF2026_E0030,event,animal,Buteo buteo,,1,source label plus WildlifeBench visual curation,WildlifeBench curation,
WBGBIF2026_E0034_obs,WBGBIF2026_D_LUX_fc3f505a,WBGBIF2026_E0034,event,animal,Capreolus capreolus,,1,source label plus WildlifeBench visual curation,WildlifeBench curation,
WBGBIF2026_E0035_obs,WBGBIF2026_D_LUX_fc3f505a,WBGBIF2026_E0035,event,animal,Capreolus capreolus,,1,source label plus WildlifeBench visual curation,WildlifeBench curation,
WBGBIF2026_E0036_obs,WBGBIF2026_D_LUX_fc3f505a,WBGBIF2026_E0036,event,animal,Capreolus capreolus,,1,source label plus WildlifeBench visual curation,WildlifeBench curation,
WBGBIF2026_E0037_obs,WBGBIF2026_D_BEL_c9cbc586,WBGBIF2026_E0037,event,animal,Castor fiber,,1,source label plus WildlifeBench visual curation,WildlifeBench curation,
WBGBIF2026_E0038_obs,WBGBIF2026_D_BEL_c9cbc586,WBGBIF2026_E0038,event,animal,Castor fiber,,1,source label plus WildlifeBench visual curation,WildlifeBench curation,
WBGBIF2026_E0039_obs,WBGBIF2026_D_BEL_c9cbc586,WBGBIF2026_E0039,event,animal,Castor fiber,,1,source label plus WildlifeBench visual curation,WildlifeBench curation,
WBGBIF2026_E0040_obs,WBGBIF2026_D_LUX_fc3f505a,WBGBIF2026_E0040,event,animal,Cervus elaphus,,1,source label plus WildlifeBench visual curation,WildlifeBench curation,
WBGBIF2026_E0041_obs,WBGBIF2026_D_LUX_fc3f505a,WBGBIF2026_E0041,event,animal,Cervus elaphus,,1,source label plus WildlifeBench visual curation,WildlifeBench curation,
WBGBIF2026_E0042_obs,WBGBIF2026_D_LUX_fc3f505a,WBGBIF2026_E0042,event,animal,Cervus elaphus,,1,source label plus WildlifeBench visual curation,WildlifeBench curation,
WBGBIF2026_E0055_obs,WBGBIF2026_D_BEL_c9cbc586,WBGBIF2026_E0055,event,animal,Columba palumbus,,1,source label plus WildlifeBench visual curation,WildlifeBench curation,
WBGBIF2026_E0056_obs,WBGBIF2026_D_BEL_c9cbc586,WBGBIF2026_E0056,event,animal,Columba palumbus,,1,source label plus WildlifeBench visual curation,WildlifeBench curation,
WBGBIF2026_E0057_obs,WBGBIF2026_D_BEL_c9cbc586,WBGBIF2026_E0057,event,animal,Columba palumbus,,1,source label plus WildlifeBench visual curation,WildlifeBench curation,
WBGBIF2026_E0058_obs,WBGBIF2026_D_BEL_c9cbc586,WBGBIF2026_E0058,event,animal,Corvus corone,,1,source label plus WildlifeBench visual curation,WildlifeBench curation,
WBGBIF2026_E0059_obs,WBGBIF2026_D_LUX_273ee7a0,WBGBIF2026_E0059,event,animal,Corvus corone,,1,source label plus WildlifeBench visual curation,WildlifeBench curation,
WBGBIF2026_E0060_obs,WBGBIF2026_D_BEL_c9cbc586,WBGBIF2026_E0060,event,animal,Corvus corone,,1,source label plus WildlifeBench visual curation,WildlifeBench curation,
WBGBIF2026_E0061_obs,WBGBIF2026_D_LUX_1290a78f,WBGBIF2026_E0061,event,animal,Corvus frugilegus,,1,source label plus WildlifeBench visual curation,WildlifeBench curation,
WBGBIF2026_E0062_obs,WBGBIF2026_D_LUX_1290a78f,WBGBIF2026_E0062,event,animal,Corvus frugilegus,,1,source label plus WildlifeBench visual curation,WildlifeBench curation,
WBGBIF2026_E0063_obs,WBGBIF2026_D_LUX_1290a78f,WBGBIF2026_E0063,event,animal,Corvus frugilegus,,1,source label plus WildlifeBench visual curation,WildlifeBench curation,
WBGBIF2026_E0064_obs,WBGBIF2026_D_ECU_68f49e46,WBGBIF2026_E0064,event,animal,Cuniculus paca,,1,source label plus WildlifeBench visual curation,WildlifeBench curation,
WBGBIF2026_E0065_obs,WBGBIF2026_D_ECU_68f49e46,WBGBIF2026_E0065,event,animal,Cuniculus paca,,1,source label plus WildlifeBench visual curation,WildlifeBench curation,
WBGBIF2026_E0066_obs,WBGBIF2026_D_ECU_68f49e46,WBGBIF2026_E0066,event,animal,Cuniculus paca,,1,source label plus WildlifeBench visual curation,WildlifeBench curation,
WBGBIF2026_E0070_obs,WBGBIF2026_D_BEL_c9cbc586,WBGBIF2026_E0070,event,animal,Dama dama,,1,source label plus WildlifeBench visual curation,WildlifeBench curation,
WBGBIF2026_E0071_obs,WBGBIF2026_D_BEL_c9cbc586,WBGBIF2026_E0071,event,animal,Dama dama,,1,source label plus WildlifeBench visual curation,WildlifeBench curation,
WBGBIF2026_E0072_obs,WBGBIF2026_D_BEL_c9cbc586,WBGBIF2026_E0072,event,animal,Dama dama,,1,source label plus WildlifeBench visual curation,WildlifeBench curation,
WBGBIF2026_E0073_obs,WBGBIF2026_D_ECU_68f49e46,WBGBIF2026_E0073,event,animal,Dasyprocta fuliginosa,,1,source label plus WildlifeBench visual curation,WildlifeBench curation,
WBGBIF2026_E0074_obs,WBGBIF2026_D_ECU_68f49e46,WBGBIF2026_E0074,event,animal,Dasyprocta fuliginosa,,1,source label plus WildlifeBench visual curation,WildlifeBench curation,
WBGBIF2026_E0075_obs,WBGBIF2026_D_ECU_68f49e46,WBGBIF2026_E0075,event,animal,Dasyprocta fuliginosa,,1,source label plus WildlifeBench visual curation,WildlifeBench curation,
WBGBIF2026_E0076_obs,WBGBIF2026_D_ECU_68f49e46,WBGBIF2026_E0076,event,animal,Dasyprocta punctata,,1,source label plus WildlifeBench visual curation,WildlifeBench curation,
WBGBIF2026_E0077_obs,WBGBIF2026_D_ECU_68f49e46,WBGBIF2026_E0077,event,animal,Dasyprocta punctata,,1,source label plus WildlifeBench visual curation,WildlifeBench curation,
WBGBIF2026_E0078_obs,WBGBIF2026_D_ECU_68f49e46,WBGBIF2026_E0078,event,animal,Dasyprocta punctata,,1,source label plus WildlifeBench visual curation,WildlifeBench curation,
WBGBIF2026_E0079_obs,WBGBIF2026_D_ECU_68f49e46,WBGBIF2026_E0079,event,animal,Dasypus novemcinctus,,1,source label plus WildlifeBench visual curation,WildlifeBench curation,
WBGBIF2026_E0080_obs,WBGBIF2026_D_ECU_68f49e46,WBGBIF2026_E0080,event,animal,Dasypus novemcinctus,,1,source label plus WildlifeBench visual curation,WildlifeBench curation,
WBGBIF2026_E0081_obs,WBGBIF2026_D_ECU_68f49e46,WBGBIF2026_E0081,event,animal,Dasypus novemcinctus,,1,source label plus WildlifeBench visual curation,WildlifeBench curation,
WBGBIF2026_E0082_obs,WBGBIF2026_D_BEL_c9cbc586,WBGBIF2026_E0082,event,animal,Dendrocopos major,,1,source label plus WildlifeBench visual curation,WildlifeBench curation,
WBGBIF2026_E0083_obs,WBGBIF2026_D_BEL_c9cbc586,WBGBIF2026_E0083,event,animal,Dendrocopos major,,1,source label plus WildlifeBench visual curation,WildlifeBench curation,
WBGBIF2026_E0084_obs,WBGBIF2026_D_BEL_c9cbc586,WBGBIF2026_E0084,event,animal,Dendrocopos major,,1,source label plus WildlifeBench visual curation,WildlifeBench curation,
WBGBIF2026_E0088_obs,WBGBIF2026_D_ECU_68f49e46,WBGBIF2026_E0088,event,animal,Didelphis marsupialis,,1,source label plus WildlifeBench visual curation,WildlifeBench curation,
WBGBIF2026_E0089_obs,WBGBIF2026_D_ECU_68f49e46,WBGBIF2026_E0089,event,animal,Didelphis marsupialis,,1,source label plus WildlifeBench visual curation,WildlifeBench curation,
WBGBIF2026_E0090_obs,WBGBIF2026_D_ECU_68f49e46,WBGBIF2026_E0090,event,animal,Didelphis marsupialis,,1,source label plus WildlifeBench visual curation,WildlifeBench curation,
WBGBIF2026_E0091_obs,WBGBIF2026_D_BEL_c9cbc586,WBGBIF2026_E0091,event,animal,Dryocopus martius,,1,source label plus WildlifeBench visual curation,WildlifeBench curation,
WBGBIF2026_E0092_obs,WBGBIF2026_D_BEL_c9cbc586,WBGBIF2026_E0092,event,animal,Dryocopus martius,,1,source label plus WildlifeBench visual curation,WildlifeBench curation,
WBGBIF2026_E0093_obs,WBGBIF2026_D_LUX_fc3f505a,WBGBIF2026_E0093,event,animal,Dryocopus martius,,1,source label plus WildlifeBench visual curation,WildlifeBench curation,
WBGBIF2026_E0094_obs,WBGBIF2026_D_ECU_68f49e46,WBGBIF2026_E0094,event,animal,Eira barbara,,1,source label plus WildlifeBench visual curation,WildlifeBench curation,
WBGBIF2026_E0095_obs,WBGBIF2026_D_ECU_68f49e46,WBGBIF2026_E0095,event,animal,Eira barbara,,1,source label plus WildlifeBench visual curation,WildlifeBench curation,
WBGBIF2026_E0096_obs,WBGBIF2026_D_ECU_68f49e46,WBGBIF2026_E0096,event,animal,Eira barbara,,1,source label plus WildlifeBench visual curation,WildlifeBench curation,
WBGBIF2026_E0103_obs,WBGBIF2026_D_BEL_c9cbc586,WBGBIF2026_E0103,event,animal,Erinaceus europaeus,,1,source label plus WildlifeBench visual curation,WildlifeBench curation,
WBGBIF2026_E0104_obs,WBGBIF2026_D_BEL_c9cbc586,WBGBIF2026_E0104,event,animal,Erinaceus europaeus,,1,source label plus WildlifeBench visual curation,WildlifeBench curation,
WBGBIF2026_E0105_obs,WBGBIF2026_D_BEL_c9cbc586,WBGBIF2026_E0105,event,animal,Erinaceus europaeus,,1,source label plus WildlifeBench visual curation,WildlifeBench curation,
WBGBIF2026_E0106_obs,WBGBIF2026_D_DEU_273ee7a0,WBGBIF2026_E0106,event,animal,Erithacus rubecula,,1,source label plus WildlifeBench visual curation,WildlifeBench curation,
WBGBIF2026_E0107_obs,WBGBIF2026_D_BEL_c9cbc586,WBGBIF2026_E0107,event,animal,Erithacus rubecula,,1,source label plus WildlifeBench visual curation,WildlifeBench curation,
WBGBIF2026_E0108_obs,WBGBIF2026_D_BEL_c9cbc586,WBGBIF2026_E0108,event,animal,Erithacus rubecula,,1,source label plus WildlifeBench visual curation,WildlifeBench curation,
WBGBIF2026_E0109_obs,WBGBIF2026_D_LUX_1290a78f,WBGBIF2026_E0109,event,animal,Falco tinnunculus,,1,source label plus WildlifeBench visual curation,WildlifeBench curation,
WBGBIF2026_E0110_obs,WBGBIF2026_D_LUX_1290a78f,WBGBIF2026_E0110,event,animal,Falco tinnunculus,,1,source label plus WildlifeBench visual curation,WildlifeBench curation,
WBGBIF2026_E0111_obs,WBGBIF2026_D_LUX_1290a78f,WBGBIF2026_E0111,event,animal,Falco tinnunculus,,1,source label plus WildlifeBench visual curation,WildlifeBench curation,
WBGBIF2026_E0112_obs,WBGBIF2026_D_BEL_c9cbc586,WBGBIF2026_E0112,event,animal,Felis catus,,1,source label plus WildlifeBench visual curation,WildlifeBench curation,
WBGBIF2026_E0113_obs,WBGBIF2026_D_BEL_c9cbc586,WBGBIF2026_E0113,event,animal,Felis catus,,1,source label plus WildlifeBench visual curation,WildlifeBench curation,
WBGBIF2026_E0114_obs,WBGBIF2026_D_BEL_c9cbc586,WBGBIF2026_E0114,event,animal,Felis catus,,1,source label plus WildlifeBench visual curation,WildlifeBench curation,
WBGBIF2026_E0115_obs,WBGBIF2026_D_LUX_fc3f505a,WBGBIF2026_E0115,event,animal,Felis silvestris,,1,source label plus WildlifeBench visual curation,WildlifeBench curation,
WBGBIF2026_E0116_obs,WBGBIF2026_D_LUX_fc3f505a,WBGBIF2026_E0116,event,animal,Felis silvestris,,1,source label plus WildlifeBench visual curation,WildlifeBench curation,
WBGBIF2026_E0117_obs,WBGBIF2026_D_LUX_fc3f505a,WBGBIF2026_E0117,event,animal,Felis silvestris,,1,source label plus WildlifeBench visual curation,WildlifeBench curation,
WBGBIF2026_E0118_obs,WBGBIF2026_D_DEU_273ee7a0,WBGBIF2026_E0118,event,animal,Fringilla coelebs,,1,source label plus WildlifeBench visual curation,WildlifeBench curation,
WBGBIF2026_E0119_obs,WBGBIF2026_D_LUX_273ee7a0,WBGBIF2026_E0119,event,animal,Fringilla coelebs,,1,source label plus WildlifeBench visual curation,WildlifeBench curation,
WBGBIF2026_E0120_obs,WBGBIF2026_D_LUX_273ee7a0,WBGBIF2026_E0120,event,animal,Fringilla coelebs,,1,source label plus WildlifeBench visual curation,WildlifeBench curation,
WBGBIF2026_E0127_obs,WBGBIF2026_D_LUX_fc3f505a,WBGBIF2026_E0127,event,animal,Gallinula chloropus,,1,source label plus WildlifeBench visual curation,WildlifeBench curation,
WBGBIF2026_E0128_obs,WBGBIF2026_D_LUX_273ee7a0,WBGBIF2026_E0128,event,animal,Gallinula chloropus,,1,source label plus WildlifeBench visual curation,WildlifeBench curation,
WBGBIF2026_E0129_obs,WBGBIF2026_D_LUX_273ee7a0,WBGBIF2026_E0129,event,animal,Gallinula chloropus,,1,source label plus WildlifeBench visual curation,WildlifeBench curation,
WBGBIF2026_E0130_obs,WBGBIF2026_D_LUX_fc3f505a,WBGBIF2026_E0130,event,animal,Garrulus glandarius,,1,source label plus WildlifeBench visual curation,WildlifeBench curation,
WBGBIF2026_E0131_obs,WBGBIF2026_D_LUX_fc3f505a,WBGBIF2026_E0131,event,animal,Garrulus glandarius,,1,source label plus WildlifeBench visual curation,WildlifeBench curation,
WBGBIF2026_E0132_obs,WBGBIF2026_D_BEL_c9cbc586,WBGBIF2026_E0132,event,animal,Garrulus glandarius,,1,source label plus WildlifeBench visual curation,WildlifeBench curation,
WBGBIF2026_E0136_obs,WBGBIF2026_D_ECU_68f49e46,WBGBIF2026_E0136,event,animal,Leopardus pardalis,,1,source label plus WildlifeBench visual curation,WildlifeBench curation,
WBGBIF2026_E0137_obs,WBGBIF2026_D_ECU_68f49e46,WBGBIF2026_E0137,event,animal,Leopardus pardalis,,1,source label plus WildlifeBench visual curation,WildlifeBench curation,
WBGBIF2026_E0138_obs,WBGBIF2026_D_ECU_68f49e46,WBGBIF2026_E0138,event,animal,Leopardus pardalis,,1,source label plus WildlifeBench visual curation,WildlifeBench curation,
WBGBIF2026_E0139_obs,WBGBIF2026_D_ECU_68f49e46,WBGBIF2026_E0139,event,animal,Leopardus wiedii,,1,source label plus WildlifeBench visual curation,WildlifeBench curation,
WBGBIF2026_E0140_obs,WBGBIF2026_D_ECU_68f49e46,WBGBIF2026_E0140,event,animal,Leopardus wiedii,,1,source label plus WildlifeBench visual curation,WildlifeBench curation,
WBGBIF2026_E0141_obs,WBGBIF2026_D_ECU_68f49e46,WBGBIF2026_E0141,event,animal,Leopardus wiedii,,1,source label plus WildlifeBench visual curation,WildlifeBench curation,
WBGBIF2026_E0142_obs,WBGBIF2026_D_BEL_c9cbc586,WBGBIF2026_E0142,event,animal,Lepus europaeus,,1,source label plus WildlifeBench visual curation,WildlifeBench curation,
WBGBIF2026_E0143_obs,WBGBIF2026_D_LUX_fc3f505a,WBGBIF2026_E0143,event,animal,Lepus europaeus,,1,source label plus WildlifeBench visual curation,WildlifeBench curation,
WBGBIF2026_E0144_obs,WBGBIF2026_D_BEL_c9cbc586,WBGBIF2026_E0144,event,animal,Lepus europaeus,,1,source label plus WildlifeBench visual curation,WildlifeBench curation,
WBGBIF2026_E0151_obs,WBGBIF2026_D_LUX_fc3f505a,WBGBIF2026_E0151,event,animal,Martes foina,,1,source label plus WildlifeBench visual curation,WildlifeBench curation,
WBGBIF2026_E0152_obs,WBGBIF2026_D_BEL_c9cbc586,WBGBIF2026_E0152,event,animal,Martes foina,,1,source label plus WildlifeBench visual curation,WildlifeBench curation,
WBGBIF2026_E0153_obs,WBGBIF2026_D_BEL_c9cbc586,WBGBIF2026_E0153,event,animal,Martes foina,,1,source label plus WildlifeBench visual curation,WildlifeBench curation,
WBGBIF2026_E0154_obs,WBGBIF2026_D_LUX_fc3f505a,WBGBIF2026_E0154,event,animal,Martes martes,,1,source label plus WildlifeBench visual curation,WildlifeBench curation,
WBGBIF2026_E0155_obs,WBGBIF2026_D_LUX_fc3f505a,WBGBIF2026_E0155,event,animal,Martes martes,,1,source label plus WildlifeBench visual curation,WildlifeBench curation,
WBGBIF2026_E0156_obs,WBGBIF2026_D_LUX_fc3f505a,WBGBIF2026_E0156,event,animal,Martes martes,,1,source label plus WildlifeBench visual curation,WildlifeBench curation,
WBGBIF2026_E0157_obs,WBGBIF2026_D_ECU_68f49e46,WBGBIF2026_E0157,event,animal,Mazama americana,,1,source label plus WildlifeBench visual curation,WildlifeBench curation,
WBGBIF2026_E0158_obs,WBGBIF2026_D_ECU_68f49e46,WBGBIF2026_E0158,event,animal,Mazama americana,,1,source label plus WildlifeBench visual curation,WildlifeBench curation,
WBGBIF2026_E0159_obs,WBGBIF2026_D_ECU_68f49e46,WBGBIF2026_E0159,event,animal,Mazama americana,,1,source label plus WildlifeBench visual curation,WildlifeBench curation,
WBGBIF2026_E0160_obs,WBGBIF2026_D_ECU_68f49e46,WBGBIF2026_E0160,event,animal,Mazama gouazoubira,,1,source label plus WildlifeBench visual curation,WildlifeBench curation,
WBGBIF2026_E0161_obs,WBGBIF2026_D_ECU_68f49e46,WBGBIF2026_E0161,event,animal,Mazama gouazoubira,,1,source label plus WildlifeBench visual curation,WildlifeBench curation,
WBGBIF2026_E0162_obs,WBGBIF2026_D_ECU_68f49e46,WBGBIF2026_E0162,event,animal,Mazama gouazoubira,,1,source label plus WildlifeBench visual curation,WildlifeBench curation,
WBGBIF2026_E0163_obs,WBGBIF2026_D_LUX_fc3f505a,WBGBIF2026_E0163,event,animal,Meles meles,,1,source label plus WildlifeBench visual curation,WildlifeBench curation,
WBGBIF2026_E0164_obs,WBGBIF2026_D_LUX_fc3f505a,WBGBIF2026_E0164,event,animal,Meles meles,,1,source label plus WildlifeBench visual curation,WildlifeBench curation,
WBGBIF2026_E0165_obs,WBGBIF2026_D_BEL_c9cbc586,WBGBIF2026_E0165,event,animal,Meles meles,,1,source label plus WildlifeBench visual curation,WildlifeBench curation,
WBGBIF2026_E0166_obs,WBGBIF2026_D_ECU_68f49e46,WBGBIF2026_E0166,event,animal,Metachirus nudicaudatus,,1,source label plus WildlifeBench visual curation,WildlifeBench curation,
WBGBIF2026_E0167_obs,WBGBIF2026_D_ECU_68f49e46,WBGBIF2026_E0167,event,animal,Metachirus nudicaudatus,,1,source label plus WildlifeBench visual curation,WildlifeBench curation,
WBGBIF2026_E0168_obs,WBGBIF2026_D_ECU_68f49e46,WBGBIF2026_E0168,event,animal,Metachirus nudicaudatus,,1,source label plus WildlifeBench visual curation,WildlifeBench curation,
WBGBIF2026_E0169_obs,WBGBIF2026_D_ECU_68f49e46,WBGBIF2026_E0169,event,animal,Mitu salvini,,1,source label plus WildlifeBench visual curation,WildlifeBench curation,
WBGBIF2026_E0170_obs,WBGBIF2026_D_ECU_68f49e46,WBGBIF2026_E0170,event,animal,Mitu salvini,,1,source label plus WildlifeBench visual curation,WildlifeBench curation,
WBGBIF2026_E0171_obs,WBGBIF2026_D_ECU_68f49e46,WBGBIF2026_E0171,event,animal,Mitu salvini,,1,source label plus WildlifeBench visual curation,WildlifeBench curation,
WBGBIF2026_E0175_obs,WBGBIF2026_D_LUX_1290a78f,WBGBIF2026_E0175,event,animal,Motacilla flava,,1,source label plus WildlifeBench visual curation,WildlifeBench curation,
WBGBIF2026_E0176_obs,WBGBIF2026_D_LUX_1290a78f,WBGBIF2026_E0176,event,animal,Motacilla flava,,1,source label plus WildlifeBench visual curation,WildlifeBench curation,
WBGBIF2026_E0177_obs,WBGBIF2026_D_LUX_1290a78f,WBGBIF2026_E0177,event,animal,Motacilla flava,,1,source label plus WildlifeBench visual curation,WildlifeBench curation,
WBGBIF2026_E0178_obs,WBGBIF2026_D_BEL_c9cbc586,WBGBIF2026_E0178,event,animal,Mustela erminea,,1,source label plus WildlifeBench visual curation,WildlifeBench curation,
WBGBIF2026_E0179_obs,WBGBIF2026_D_LUX_fc3f505a,WBGBIF2026_E0179,event,animal,Mustela erminea,,1,source label plus WildlifeBench visual curation,WildlifeBench curation,
WBGBIF2026_E0180_obs,WBGBIF2026_D_LUX_fc3f505a,WBGBIF2026_E0180,event,animal,Mustela erminea,,1,source label plus WildlifeBench visual curation,WildlifeBench curation,
WBGBIF2026_E0181_obs,WBGBIF2026_D_LUX_fc3f505a,WBGBIF2026_E0181,event,animal,Mustela putorius,,1,source label plus WildlifeBench visual curation,WildlifeBench curation,
WBGBIF2026_E0182_obs,WBGBIF2026_D_BEL_c9cbc586,WBGBIF2026_E0182,event,animal,Mustela putorius,,1,source label plus WildlifeBench visual curation,WildlifeBench curation,
WBGBIF2026_E0183_obs,WBGBIF2026_D_LUX_fc3f505a,WBGBIF2026_E0183,event,animal,Mustela putorius,,1,source label plus WildlifeBench visual curation,WildlifeBench curation,
WBGBIF2026_E0184_obs,WBGBIF2026_D_ECU_68f49e46,WBGBIF2026_E0184,event,animal,Myoprocta pratti,,1,source label plus WildlifeBench visual curation,WildlifeBench curation,
WBGBIF2026_E0185_obs,WBGBIF2026_D_ECU_68f49e46,WBGBIF2026_E0185,event,animal,Myoprocta pratti,,1,source label plus WildlifeBench visual curation,WildlifeBench curation,
WBGBIF2026_E0186_obs,WBGBIF2026_D_ECU_68f49e46,WBGBIF2026_E0186,event,animal,Myoprocta pratti,,1,source label plus WildlifeBench visual curation,WildlifeBench curation,
WBGBIF2026_E0187_obs,WBGBIF2026_D_ECU_68f49e46,WBGBIF2026_E0187,event,animal,Myrmecophaga tridactyla,,1,source label plus WildlifeBench visual curation,WildlifeBench curation,
WBGBIF2026_E0188_obs,WBGBIF2026_D_ECU_68f49e46,WBGBIF2026_E0188,event,animal,Myrmecophaga tridactyla,,1,source label plus WildlifeBench visual curation,WildlifeBench curation,
WBGBIF2026_E0189_obs,WBGBIF2026_D_ECU_68f49e46,WBGBIF2026_E0189,event,animal,Myrmecophaga tridactyla,,1,source label plus WildlifeBench visual curation,WildlifeBench curation,
WBGBIF2026_E0190_obs,WBGBIF2026_D_ECU_68f49e46,WBGBIF2026_E0190,event,animal,Nothocrax urumutum,,1,source label plus WildlifeBench visual curation,WildlifeBench curation,
WBGBIF2026_E0191_obs,WBGBIF2026_D_ECU_68f49e46,WBGBIF2026_E0191,event,animal,Nothocrax urumutum,,1,source label plus WildlifeBench visual curation,WildlifeBench curation,
WBGBIF2026_E0192_obs,WBGBIF2026_D_ECU_68f49e46,WBGBIF2026_E0192,event,animal,Nothocrax urumutum,,1,source label plus WildlifeBench visual curation,WildlifeBench curation,
WBGBIF2026_E0193_obs,WBGBIF2026_D_BEL_c9cbc586,WBGBIF2026_E0193,event,animal,Oryctolagus cuniculus,,1,source label plus WildlifeBench visual curation,WildlifeBench curation,
WBGBIF2026_E0194_obs,WBGBIF2026_D_BEL_c9cbc586,WBGBIF2026_E0194,event,animal,Oryctolagus cuniculus,,1,source label plus WildlifeBench visual curation,WildlifeBench curation,
WBGBIF2026_E0195_obs,WBGBIF2026_D_LUX_273ee7a0,WBGBIF2026_E0195,event,animal,Oryctolagus cuniculus,,1,source label plus WildlifeBench visual curation,WildlifeBench curation,
WBGBIF2026_E0196_obs,WBGBIF2026_D_BEL_c9cbc586,WBGBIF2026_E0196,event,animal,Ovis aries,,1,source label plus WildlifeBench visual curation,WildlifeBench curation,
WBGBIF2026_E0197_obs,WBGBIF2026_D_BEL_c9cbc586,WBGBIF2026_E0197,event,animal,Ovis aries,,1,source label plus WildlifeBench visual curation,WildlifeBench curation,
WBGBIF2026_E0198_obs,WBGBIF2026_D_BEL_c9cbc586,WBGBIF2026_E0198,event,animal,Ovis aries,,1,source label plus WildlifeBench visual curation,WildlifeBench curation,
WBGBIF2026_E0199_obs,WBGBIF2026_D_ECU_68f49e46,WBGBIF2026_E0199,event,animal,Panthera onca,,1,source label plus WildlifeBench visual curation,WildlifeBench curation,
WBGBIF2026_E0200_obs,WBGBIF2026_D_ECU_68f49e46,WBGBIF2026_E0200,event,animal,Panthera onca,,1,source label plus WildlifeBench visual curation,WildlifeBench curation,
WBGBIF2026_E0201_obs,WBGBIF2026_D_ECU_68f49e46,WBGBIF2026_E0201,event,animal,Panthera onca,,1,source label plus WildlifeBench visual curation,WildlifeBench curation,
WBGBIF2026_E0205_obs,WBGBIF2026_D_LUX_1290a78f,WBGBIF2026_E0205,event,animal,Passer domesticus,,1,source label plus WildlifeBench visual curation,WildlifeBench curation,
WBGBIF2026_E0206_obs,WBGBIF2026_D_LUX_1290a78f,WBGBIF2026_E0206,event,animal,Passer domesticus,,1,source label plus WildlifeBench visual curation,WildlifeBench curation,
WBGBIF2026_E0207_obs,WBGBIF2026_D_LUX_1290a78f,WBGBIF2026_E0207,event,animal,Passer domesticus,,1,source label plus WildlifeBench visual curation,WildlifeBench curation,
WBGBIF2026_E0208_obs,WBGBIF2026_D_ECU_68f49e46,WBGBIF2026_E0208,event,animal,Pecari tajacu,,1,source label plus WildlifeBench visual curation,WildlifeBench curation,
WBGBIF2026_E0209_obs,WBGBIF2026_D_ECU_68f49e46,WBGBIF2026_E0209,event,animal,Pecari tajacu,,1,source label plus WildlifeBench visual curation,WildlifeBench curation,
WBGBIF2026_E0210_obs,WBGBIF2026_D_ECU_68f49e46,WBGBIF2026_E0210,event,animal,Pecari tajacu,,1,source label plus WildlifeBench visual curation,WildlifeBench curation,
WBGBIF2026_E0211_obs,WBGBIF2026_D_ECU_68f49e46,WBGBIF2026_E0211,event,animal,Penelope purpurascens,,1,source label plus WildlifeBench visual curation,WildlifeBench curation,
WBGBIF2026_E0212_obs,WBGBIF2026_D_ECU_68f49e46,WBGBIF2026_E0212,event,animal,Penelope purpurascens,,1,source label plus WildlifeBench visual curation,WildlifeBench curation,
WBGBIF2026_E0213_obs,WBGBIF2026_D_ECU_68f49e46,WBGBIF2026_E0213,event,animal,Penelope purpurascens,,1,source label plus WildlifeBench visual curation,WildlifeBench curation,
WBGBIF2026_E0214_obs,WBGBIF2026_D_BEL_c9cbc586,WBGBIF2026_E0214,event,animal,Phasianus colchicus,,1,source label plus WildlifeBench visual curation,WildlifeBench curation,
WBGBIF2026_E0215_obs,WBGBIF2026_D_BEL_c9cbc586,WBGBIF2026_E0215,event,animal,Phasianus colchicus,,1,source label plus WildlifeBench visual curation,WildlifeBench curation,
WBGBIF2026_E0216_obs,WBGBIF2026_D_BEL_c9cbc586,WBGBIF2026_E0216,event,animal,Phasianus colchicus,,1,source label plus WildlifeBench visual curation,WildlifeBench curation,
WBGBIF2026_E0217_obs,WBGBIF2026_D_LUX_1290a78f,WBGBIF2026_E0217,event,animal,Phoenicurus ochruros,,1,source label plus WildlifeBench visual curation,WildlifeBench curation,
WBGBIF2026_E0218_obs,WBGBIF2026_D_LUX_1290a78f,WBGBIF2026_E0218,event,animal,Phoenicurus ochruros,,1,source label plus WildlifeBench visual curation,WildlifeBench curation,
WBGBIF2026_E0219_obs,WBGBIF2026_D_LUX_1290a78f,WBGBIF2026_E0219,event,animal,Phoenicurus ochruros,,1,source label plus WildlifeBench visual curation,WildlifeBench curation,
WBGBIF2026_E0220_obs,WBGBIF2026_D_LUX_1290a78f,WBGBIF2026_E0220,event,animal,Phoenicurus phoenicurus,,1,source label plus WildlifeBench visual curation,WildlifeBench curation,
WBGBIF2026_E0221_obs,WBGBIF2026_D_LUX_1290a78f,WBGBIF2026_E0221,event,animal,Phoenicurus phoenicurus,,1,source label plus WildlifeBench visual curation,WildlifeBench curation,
WBGBIF2026_E0222_obs,WBGBIF2026_D_LUX_1290a78f,WBGBIF2026_E0222,event,animal,Phoenicurus phoenicurus,,1,source label plus WildlifeBench visual curation,WildlifeBench curation,
WBGBIF2026_E0226_obs,WBGBIF2026_D_BEL_c9cbc586,WBGBIF2026_E0226,event,animal,Pica pica,,1,source label plus WildlifeBench visual curation,WildlifeBench curation,
WBGBIF2026_E0227_obs,WBGBIF2026_D_BEL_c9cbc586,WBGBIF2026_E0227,event,animal,Pica pica,,1,source label plus WildlifeBench visual curation,WildlifeBench curation,
WBGBIF2026_E0228_obs,WBGBIF2026_D_BEL_c9cbc586,WBGBIF2026_E0228,event,animal,Pica pica,,1,source label plus WildlifeBench visual curation,WildlifeBench curation,
WBGBIF2026_E0229_obs,WBGBIF2026_D_BEL_c9cbc586,WBGBIF2026_E0229,event,animal,Picus viridis,,1,source label plus WildlifeBench visual curation,WildlifeBench curation,
WBGBIF2026_E0230_obs,WBGBIF2026_D_LUX_273ee7a0,WBGBIF2026_E0230,event,animal,Picus viridis,,1,source label plus WildlifeBench visual curation,WildlifeBench curation,
WBGBIF2026_E0231_obs,WBGBIF2026_D_LUX_273ee7a0,WBGBIF2026_E0231,event,animal,Picus viridis,,1,source label plus WildlifeBench visual curation,WildlifeBench curation,
WBGBIF2026_E0238_obs,WBGBIF2026_D_ECU_68f49e46,WBGBIF2026_E0238,event,animal,Proechimys semispinosus,,1,source label plus WildlifeBench visual curation,WildlifeBench curation,
WBGBIF2026_E0239_obs,WBGBIF2026_D_ECU_68f49e46,WBGBIF2026_E0239,event,animal,Proechimys semispinosus,,1,source label plus WildlifeBench visual curation,WildlifeBench curation,
WBGBIF2026_E0240_obs,WBGBIF2026_D_ECU_68f49e46,WBGBIF2026_E0240,event,animal,Proechimys semispinosus,,1,source label plus WildlifeBench visual curation,WildlifeBench curation,
WBGBIF2026_E0244_obs,WBGBIF2026_D_ECU_68f49e46,WBGBIF2026_E0244,event,animal,Psophia crepitans,,1,source label plus WildlifeBench visual curation,WildlifeBench curation,
WBGBIF2026_E0245_obs,WBGBIF2026_D_ECU_68f49e46,WBGBIF2026_E0245,event,animal,Psophia crepitans,,1,source label plus WildlifeBench visual curation,WildlifeBench curation,
WBGBIF2026_E0246_obs,WBGBIF2026_D_ECU_68f49e46,WBGBIF2026_E0246,event,animal,Psophia crepitans,,1,source label plus WildlifeBench visual curation,WildlifeBench curation,
WBGBIF2026_E0247_obs,WBGBIF2026_D_ECU_68f49e46,WBGBIF2026_E0247,event,animal,Puma concolor,,1,source label plus WildlifeBench visual curation,WildlifeBench curation,
WBGBIF2026_E0248_obs,WBGBIF2026_D_ECU_68f49e46,WBGBIF2026_E0248,event,animal,Puma concolor,,1,source label plus WildlifeBench visual curation,WildlifeBench curation,
WBGBIF2026_E0249_obs,WBGBIF2026_D_ECU_68f49e46,WBGBIF2026_E0249,event,animal,Puma concolor,,1,source label plus WildlifeBench visual curation,WildlifeBench curation,
WBGBIF2026_E0253_obs,WBGBIF2026_D_BEL_c9cbc586,WBGBIF2026_E0253,event,animal,Rattus norvegicus,,1,source label plus WildlifeBench visual curation,WildlifeBench curation,
WBGBIF2026_E0254_obs,WBGBIF2026_D_BEL_c9cbc586,WBGBIF2026_E0254,event,animal,Rattus norvegicus,,1,source label plus WildlifeBench visual curation,WildlifeBench curation,
WBGBIF2026_E0255_obs,WBGBIF2026_D_BEL_c9cbc586,WBGBIF2026_E0255,event,animal,Rattus norvegicus,,1,source label plus WildlifeBench visual curation,WildlifeBench curation,
WBGBIF2026_E0259_obs,WBGBIF2026_D_LUX_1290a78f,WBGBIF2026_E0259,event,animal,Saxicola rubicola,,1,source label plus WildlifeBench visual curation,WildlifeBench curation,
WBGBIF2026_E0260_obs,WBGBIF2026_D_LUX_1290a78f,WBGBIF2026_E0260,event,animal,Saxicola rubicola,,1,source label plus WildlifeBench visual curation,WildlifeBench curation,
WBGBIF2026_E0261_obs,WBGBIF2026_D_LUX_1290a78f,WBGBIF2026_E0261,event,animal,Saxicola rubicola,,1,source label plus WildlifeBench visual curation,WildlifeBench curation,
WBGBIF2026_E0262_obs,WBGBIF2026_D_LUX_fc3f505a,WBGBIF2026_E0262,event,animal,Sciurus vulgaris,,1,source label plus WildlifeBench visual curation,WildlifeBench curation,
WBGBIF2026_E0263_obs,WBGBIF2026_D_LUX_fc3f505a,WBGBIF2026_E0263,event,animal,Sciurus vulgaris,,1,source label plus WildlifeBench visual curation,WildlifeBench curation,
WBGBIF2026_E0264_obs,WBGBIF2026_D_LUX_fc3f505a,WBGBIF2026_E0264,event,animal,Sciurus vulgaris,,1,source label plus WildlifeBench visual curation,WildlifeBench curation,
WBGBIF2026_E0265_obs,WBGBIF2026_D_LUX_273ee7a0,WBGBIF2026_E0265,event,animal,Scolopax rusticola,,1,source label plus WildlifeBench visual curation,WildlifeBench curation,
WBGBIF2026_E0266_obs,WBGBIF2026_D_BEL_c9cbc586,WBGBIF2026_E0266,event,animal,Scolopax rusticola,,1,source label plus WildlifeBench visual curation,WildlifeBench curation,
WBGBIF2026_E0267_obs,WBGBIF2026_D_BEL_c9cbc586,WBGBIF2026_E0267,event,animal,Scolopax rusticola,,1,source label plus WildlifeBench visual curation,WildlifeBench curation,
WBGBIF2026_E0268_obs,WBGBIF2026_D_BEL_c9cbc586,WBGBIF2026_E0268,event,animal,Sitta europaea,,1,source label plus WildlifeBench visual curation,WildlifeBench curation,
WBGBIF2026_E0269_obs,WBGBIF2026_D_BEL_c9cbc586,WBGBIF2026_E0269,event,animal,Sitta europaea,,1,source label plus WildlifeBench visual curation,WildlifeBench curation,
WBGBIF2026_E0270_obs,WBGBIF2026_D_BEL_c9cbc586,WBGBIF2026_E0270,event,animal,Sitta europaea,,1,source label plus WildlifeBench visual curation,WildlifeBench curation,
WBGBIF2026_E0271_obs,WBGBIF2026_D_BEL_c9cbc586,WBGBIF2026_E0271,event,animal,Strix aluco,,1,source label plus WildlifeBench visual curation,WildlifeBench curation,
WBGBIF2026_E0272_obs,WBGBIF2026_D_BEL_c9cbc586,WBGBIF2026_E0272,event,animal,Strix aluco,,1,source label plus WildlifeBench visual curation,WildlifeBench curation,
WBGBIF2026_E0273_obs,WBGBIF2026_D_BEL_c9cbc586,WBGBIF2026_E0273,event,animal,Strix aluco,,1,source label plus WildlifeBench visual curation,WildlifeBench curation,
WBGBIF2026_E0274_obs,WBGBIF2026_D_LUX_fc3f505a,WBGBIF2026_E0274,event,animal,Sturnus vulgaris,,1,source label plus WildlifeBench visual curation,WildlifeBench curation,
WBGBIF2026_E0275_obs,WBGBIF2026_D_LUX_fc3f505a,WBGBIF2026_E0275,event,animal,Sturnus vulgaris,,1,source label plus WildlifeBench visual curation,WildlifeBench curation,
WBGBIF2026_E0276_obs,WBGBIF2026_D_FRA_273ee7a0,WBGBIF2026_E0276,event,animal,Sturnus vulgaris,,1,source label plus WildlifeBench visual curation,WildlifeBench curation,
WBGBIF2026_E0277_obs,WBGBIF2026_D_BEL_c9cbc586,WBGBIF2026_E0277,event,animal,Sus scrofa,,1,source label plus WildlifeBench visual curation,WildlifeBench curation,
WBGBIF2026_E0278_obs,WBGBIF2026_D_BEL_c9cbc586,WBGBIF2026_E0278,event,animal,Sus scrofa,,1,source label plus WildlifeBench visual curation,WildlifeBench curation,
WBGBIF2026_E0279_obs,WBGBIF2026_D_BEL_c9cbc586,WBGBIF2026_E0279,event,animal,Sus scrofa,,1,source label plus WildlifeBench visual curation,WildlifeBench curation,
WBGBIF2026_E0289_obs,WBGBIF2026_D_BEL_c9cbc586,WBGBIF2026_E0289,event,animal,Syrmaticus reevesii,,1,source label plus WildlifeBench visual curation,WildlifeBench curation,
WBGBIF2026_E0290_obs,WBGBIF2026_D_BEL_c9cbc586,WBGBIF2026_E0290,event,animal,Syrmaticus reevesii,,1,source label plus WildlifeBench visual curation,WildlifeBench curation,
WBGBIF2026_E0291_obs,WBGBIF2026_D_BEL_c9cbc586,WBGBIF2026_E0291,event,animal,Syrmaticus reevesii,,1,source label plus WildlifeBench visual curation,WildlifeBench curation,
WBGBIF2026_E0292_obs,WBGBIF2026_D_ECU_68f49e46,WBGBIF2026_E0292,event,animal,Tapirus terrestris,,1,source label plus WildlifeBench visual curation,WildlifeBench curation,
WBGBIF2026_E0293_obs,WBGBIF2026_D_ECU_68f49e46,WBGBIF2026_E0293,event,animal,Tapirus terrestris,,1,source label plus WildlifeBench visual curation,WildlifeBench curation,
WBGBIF2026_E0294_obs,WBGBIF2026_D_ECU_68f49e46,WBGBIF2026_E0294,event,animal,Tapirus terrestris,,1,source label plus WildlifeBench visual curation,WildlifeBench curation,
WBGBIF2026_E0295_obs,WBGBIF2026_D_ECU_68f49e46,WBGBIF2026_E0295,event,animal,Tayassu pecari,,1,source label plus WildlifeBench visual curation,WildlifeBench curation,
WBGBIF2026_E0296_obs,WBGBIF2026_D_ECU_68f49e46,WBGBIF2026_E0296,event,animal,Tayassu pecari,,1,source label plus WildlifeBench visual curation,WildlifeBench curation,
WBGBIF2026_E0297_obs,WBGBIF2026_D_ECU_68f49e46,WBGBIF2026_E0297,event,animal,Tayassu pecari,,1,source label plus WildlifeBench visual curation,WildlifeBench curation,
WBGBIF2026_E0298_obs,WBGBIF2026_D_ECU_68f49e46,WBGBIF2026_E0298,event,animal,Tinamus major,,1,source label plus WildlifeBench visual curation,WildlifeBench curation,
WBGBIF2026_E0299_obs,WBGBIF2026_D_ECU_68f49e46,WBGBIF2026_E0299,event,animal,Tinamus major,,1,source label plus WildlifeBench visual curation,WildlifeBench curation,
WBGBIF2026_E0300_obs,WBGBIF2026_D_ECU_68f49e46,WBGBIF2026_E0300,event,animal,Tinamus major,,1,source label plus WildlifeBench visual curation,WildlifeBench curation,
WBGBIF2026_E0301_obs,WBGBIF2026_D_ECU_68f49e46,WBGBIF2026_E0301,event,animal,Tinamus tao,,1,source label plus WildlifeBench visual curation,WildlifeBench curation,
WBGBIF2026_E0302_obs,WBGBIF2026_D_ECU_68f49e46,WBGBIF2026_E0302,event,animal,Tinamus tao,,1,source label plus WildlifeBench visual curation,WildlifeBench curation,
WBGBIF2026_E0303_obs,WBGBIF2026_D_ECU_68f49e46,WBGBIF2026_E0303,event,animal,Tinamus tao,,1,source label plus WildlifeBench visual curation,WildlifeBench curation,
WBGBIF2026_E0304_obs,WBGBIF2026_D_ECU_68f49e46,WBGBIF2026_E0304,event,animal,Tremarctos ornatus,,1,source label plus WildlifeBench visual curation,WildlifeBench curation,
WBGBIF2026_E0305_obs,WBGBIF2026_D_ECU_68f49e46,WBGBIF2026_E0305,event,animal,Tremarctos ornatus,,1,source label plus WildlifeBench visual curation,WildlifeBench curation,
WBGBIF2026_E0306_obs,WBGBIF2026_D_ECU_68f49e46,WBGBIF2026_E0306,event,animal,Tremarctos ornatus,,1,source label plus WildlifeBench visual curation,WildlifeBench curation,
WBGBIF2026_E0307_obs,WBGBIF2026_D_BEL_c9cbc586,WBGBIF2026_E0307,event,animal,Troglodytes troglodytes,,1,source label plus WildlifeBench visual curation,WildlifeBench curation,
WBGBIF2026_E0308_obs,WBGBIF2026_D_BEL_c9cbc586,WBGBIF2026_E0308,event,animal,Troglodytes troglodytes,,1,source label plus WildlifeBench visual curation,WildlifeBench curation,
WBGBIF2026_E0309_obs,WBGBIF2026_D_BEL_c9cbc586,WBGBIF2026_E0309,event,animal,Troglodytes troglodytes,,1,source label plus WildlifeBench visual curation,WildlifeBench curation,
WBGBIF2026_E0310_obs,WBGBIF2026_D_BEL_c9cbc586,WBGBIF2026_E0310,event,animal,Turdus iliacus,,1,source label plus WildlifeBench visual curation,WildlifeBench curation,
WBGBIF2026_E0311_obs,WBGBIF2026_D_BEL_c9cbc586,WBGBIF2026_E0311,event,animal,Turdus iliacus,,1,source label plus WildlifeBench visual curation,WildlifeBench curation,
WBGBIF2026_E0312_obs,WBGBIF2026_D_BEL_c9cbc586,WBGBIF2026_E0312,event,animal,Turdus iliacus,,1,source label plus WildlifeBench visual curation,WildlifeBench curation,
WBGBIF2026_E0313_obs,WBGBIF2026_D_BEL_c9cbc586,WBGBIF2026_E0313,event,animal,Turdus merula,,1,source label plus WildlifeBench visual curation,WildlifeBench curation,
WBGBIF2026_E0314_obs,WBGBIF2026_D_BEL_c9cbc586,WBGBIF2026_E0314,event,animal,Turdus merula,,1,source label plus WildlifeBench visual curation,WildlifeBench curation,
WBGBIF2026_E0315_obs,WBGBIF2026_D_BEL_c9cbc586,WBGBIF2026_E0315,event,animal,Turdus merula,,1,source label plus WildlifeBench visual curation,WildlifeBench curation,
WBGBIF2026_E0316_obs,WBGBIF2026_D_BEL_c9cbc586,WBGBIF2026_E0316,event,animal,Turdus philomelos,,1,source label plus WildlifeBench visual curation,WildlifeBench curation,
WBGBIF2026_E0317_obs,WBGBIF2026_D_BEL_c9cbc586,WBGBIF2026_E0317,event,animal,Turdus philomelos,,1,source label plus WildlifeBench visual curation,WildlifeBench curation,
WBGBIF2026_E0318_obs,WBGBIF2026_D_BEL_c9cbc586,WBGBIF2026_E0318,event,animal,Turdus philomelos,,1,source label plus WildlifeBench visual curation,WildlifeBench curation,
WBGBIF2026_E0319_obs,WBGBIF2026_D_DEU_273ee7a0,WBGBIF2026_E0319,event,animal,Turdus pilaris,,1,source label plus WildlifeBench visual curation,WildlifeBench curation,
WBGBIF2026_E0320_obs,WBGBIF2026_D_DEU_273ee7a0,WBGBIF2026_E0320,event,animal,Turdus pilaris,,1,source label plus WildlifeBench visual curation,WildlifeBench curation,
WBGBIF2026_E0321_obs,WBGBIF2026_D_LUX_273ee7a0,WBGBIF2026_E0321,event,animal,Turdus pilaris,,1,source label plus WildlifeBench visual curation,WildlifeBench curation,
WBGBIF2026_E0325_obs,WBGBIF2026_D_BEL_c9cbc586,WBGBIF2026_E0325,event,animal,Turdus viscivorus,,1,source label plus WildlifeBench visual curation,WildlifeBench curation,
WBGBIF2026_E0326_obs,WBGBIF2026_D_BEL_c9cbc586,WBGBIF2026_E0326,event,animal,Turdus viscivorus,,1,source label plus WildlifeBench visual curation,WildlifeBench curation,
WBGBIF2026_E0327_obs,WBGBIF2026_D_LUX_fc3f505a,WBGBIF2026_E0327,event,animal,Turdus viscivorus,,1,source label plus WildlifeBench visual curation,WildlifeBench curation,
WBGBIF2026_E0328_obs,WBGBIF2026_D_BEL_c9cbc586,WBGBIF2026_E0328,event,animal,Vulpes vulpes,,1,source label plus WildlifeBench visual curation,WildlifeBench curation,
WBGBIF2026_E0329_obs,WBGBIF2026_D_BEL_c9cbc586,WBGBIF2026_E0329,event,animal,Vulpes vulpes,,1,source label plus WildlifeBench visual curation,WildlifeBench curation,
WBGBIF2026_E0330_obs,WBGBIF2026_D_LUX_fc3f505a,WBGBIF2026_E0330,event,animal,Vulpes vulpes,,1,source label plus WildlifeBench visual curation,WildlifeBench curation,
